iter	Passed	Remaining
0	34	173724
1	70	175597
2	98	164535
3	130	162659
4	163	163308
5	198	165431
6	231	165056
7	266	166112
8	298	165578
9	329	164616
10	361	163866
11	394	163860
12	429	164760
13	463	165126
14	495	164645
15	521	162455
16	556	163167
17	591	163686
18	623	163404
19	661	164799
20	698	165639
21	735	166395
22	769	166554
23	806	167268
24	840	167301
25	876	167621
26	911	167799
27	944	167723
28	983	168591
29	1021	169175
30	1053	168788
31	1089	169143
32	1123	169089
33	1154	168573
34	1184	168032
35	1220	168245
36	1254	168312
37	1290	168553
38	1328	168947
39	1363	169050
40	1398	169168
41	1432	169115
42	1465	168938
43	1497	168633
44	1525	167986
45	1556	167662
46	1591	167758
47	1619	167052
48	1646	166391
49	1682	166608
50	1710	165996
51	1745	166101
52	1776	165810
53	1796	164590
54	1828	164420
55	1860	164234
56	1887	163721
57	1913	163052
58	1948	163136
59	1978	162862
60	2010	162766
61	2043	162762
62	2075	162655
63	2106	162448
64	2154	163547
65	2189	163694
66	2222	163670
67	2262	164080
68	2294	163989
69	2325	163815
70	2359	163805
71	2392	163761
72	2425	163696
73	2461	163846
74	2488	163411
75	2519	163259
76	2553	163283
77	2585	163142
78	2615	162935
79	2649	162943
80	2684	163021
81	2713	162751
82	2741	162402
83	2773	162287
84	2807	162334
85	2840	162305
86	2874	162312
87	2907	162276
88	2939	162186
89	2971	162101
90	3002	161976
91	3029	161636
92	3057	161320
93	3091	161368
94	3126	161413
95	3153	161090
96	3185	161026
97	3216	160868
98	3252	160992
99	3286	161061
100	3318	160969
101	3346	160714
102	3379	160664
103	3411	160593
104	3440	160380
105	3472	160314
106	3500	160072
107	3534	160085
108	3561	159817
109	3594	159813
110	3620	159486
111	3654	159472
112	3687	159466
113	3721	159516
114	3749	159284
115	3782	159275
116	3819	159408
117	3847	159196
118	3881	159205
119	3910	159019
120	3944	159067
121	3976	159007
122	4006	158873
123	4039	158834
124	4066	158587
125	4099	158566
126	4128	158392
127	4155	158178
128	4183	157960
129	4214	157894
130	4248	157924
131	4280	157853
132	4314	157875
133	4343	157745
134	4377	157749
135	4410	157756
136	4435	157447
137	4467	157399
138	4503	157487
139	4537	157514
140	4569	157481
141	4605	157546
142	4636	157465
143	4668	157419
144	4701	157407
145	4733	157361
146	4764	157309
147	4799	157351
148	4832	157316
149	4865	157318
150	4895	157217
151	4930	157245
152	4965	157307
153	4995	157204
154	5027	157155
155	5059	157094
156	5089	156983
157	5123	157008
158	5155	156970
159	5190	157000
160	5218	156851
161	5253	156883
162	5281	156719
163	5311	156623
164	5348	156725
165	5383	156766
166	5426	157046
167	5459	157016
168	5495	157100
169	5532	157180
170	5565	157166
171	5600	157198
172	5634	157224
173	5665	157140
174	5693	156978
175	5727	156996
176	5759	156936
177	5791	156894
178	5826	156936
179	5856	156829
180	5891	156860
181	5923	156812
182	5960	156889
183	5998	157013
184	6031	156977
185	6065	156990
186	6096	156913
187	6133	156983
188	6165	156949
189	6199	156956
190	6234	156983
191	6269	156988
192	6300	156930
193	6333	156893
194	6367	156912
195	6398	156840
196	6428	156729
197	6461	156710
198	6493	156657
199	6530	156730
200	6565	156746
201	6598	156740
202	6629	156659
203	6659	156560
204	6688	156441
205	6721	156421
206	6750	156301
207	6779	156184
208	6811	156144
209	6845	156142
210	6877	156107
211	6909	156057
212	6941	156010
213	6970	155887
214	7003	155871
215	7041	155952
216	7074	155934
217	7112	156022
218	7146	156007
219	7179	155985
220	7212	155976
221	7243	155902
222	7276	155864
223	7306	155791
224	7339	155756
225	7369	155668
226	7394	155485
227	7423	155374
228	7452	155274
229	7482	155173
230	7521	155275
231	7549	155159
232	7584	155169
233	7615	155117
234	7649	155108
235	7679	155017
236	7711	154980
237	7745	154968
238	7779	154971
239	7812	154941
240	7848	154987
241	7879	154920
242	7915	154946
243	7945	154869
244	7979	154870
245	8013	154867
246	8043	154774
247	8074	154709
248	8106	154667
249	8137	154607
250	8170	154583
251	8197	154456
252	8231	154439
253	8260	154346
254	8289	154258
255	8324	154259
256	8359	154276
257	8393	154275
258	8427	154258
259	8460	154242
260	8490	154156
261	8519	154070
262	8550	154014
263	8586	154028
264	8621	154056
265	8650	153944
266	8681	153899
267	8718	153939
268	8752	153925
269	8783	153876
270	8819	153894
271	8850	153837
272	8883	153825
273	8918	153833
274	8953	153837
275	8988	153846
276	9016	153735
277	9051	153752
278	9082	153693
279	9121	153769
280	9155	153761
281	9183	153643
282	9219	153670
283	9258	153747
284	9292	153727
285	9325	153699
286	9356	153648
287	9386	153565
288	9417	153516
289	9453	153538
290	9486	153509
291	9513	153388
292	9549	153403
293	9578	153323
294	9612	153316
295	9644	153263
296	9678	153261
297	9711	153226
298	9743	153194
299	9776	153171
300	9807	153107
301	9842	153105
302	9878	153126
303	9910	153097
304	9947	153124
305	9978	153070
306	10006	152961
307	10036	152893
308	10070	152885
309	10100	152809
310	10131	152747
311	10164	152735
312	10200	152752
313	10235	152746
314	10265	152680
315	10299	152674
316	10334	152670
317	10365	152607
318	10397	152569
319	10428	152516
320	10463	152524
321	10495	152484
322	10528	152448
323	10560	152413
324	10592	152375
325	10622	152301
326	10655	152273
327	10685	152202
328	10716	152143
329	10746	152073
330	10775	152000
331	10804	151920
332	10838	151904
333	10871	151881
334	10901	151810
335	10935	151795
336	10963	151698
337	10996	151666
338	11026	151604
339	11057	151553
340	11086	151465
341	11116	151409
342	11151	151409
343	11185	151395
344	11211	151279
345	11245	151268
346	11277	151228
347	11308	151173
348	11340	151125
349	11369	151048
350	11398	150975
351	11423	150836
352	11456	150815
353	11489	150792
354	11517	150702
355	11546	150617
356	11578	150584
357	11611	150555
358	11647	150569
359	11677	150508
360	11711	150501
361	11747	150509
362	11780	150490
363	11811	150429
364	11840	150354
365	11871	150310
366	11904	150282
367	11935	150233
368	11963	150142
369	11994	150090
370	12025	150048
371	12058	150016
372	12091	149986
373	12126	149986
374	12157	149941
375	12189	149903
376	12224	149902
377	12258	149894
378	12290	149851
379	12320	149794
380	12349	149722
381	12378	149647
382	12411	149614
383	12442	149564
384	12470	149483
385	12501	149437
386	12534	149407
387	12564	149353
388	12590	149238
389	12622	149206
390	12659	149225
391	12689	149160
392	12719	149111
393	12755	149122
394	12789	149102
395	12818	149031
396	12853	149034
397	12883	148965
398	12916	148939
399	12947	148896
400	12980	148869
401	13009	148805
402	13043	148789
403	13075	148751
404	13105	148686
405	13139	148681
406	13176	148695
407	13211	148688
408	13238	148601
409	13270	148567
410	13304	148549
411	13338	148536
412	13372	148518
413	13401	148449
414	13435	148435
415	13469	148418
416	13501	148388
417	13537	148390
418	13570	148369
419	13611	148427
420	13648	148447
421	13676	148365
422	13712	148372
423	13746	148360
424	13782	148361
425	13811	148294
426	13848	148309
427	13885	148329
428	13923	148349
429	13959	148363
430	14001	148425
431	14030	148362
432	14068	148383
433	14103	148378
434	14134	148332
435	14164	148273
436	14195	148221
437	14230	148213
438	14261	148172
439	14295	148155
440	14330	148143
441	14354	148031
442	14392	148046
443	14425	148024
444	14461	148031
445	14498	148044
446	14534	148044
447	14571	148058
448	14609	148080
449	14645	148085
450	14684	148111
451	14718	148097
452	14750	148061
453	14792	148120
454	14828	148119
455	14866	148142
456	14898	148100
457	14934	148107
458	14967	148079
459	15006	148106
460	15042	148106
461	15082	148151
462	15118	148147
463	15150	148111
464	15192	148170
465	15234	148225
466	15274	148262
467	15306	148223
468	15343	148229
469	15380	148245
470	15412	148199
471	15449	148209
472	15478	148145
473	15515	148148
474	15550	148141
475	15587	148145
476	15620	148116
477	15654	148092
478	15689	148081
479	15724	148069
480	15755	148019
481	15785	147966
482	15820	147953
483	15855	147938
484	15893	147961
485	15931	147972
486	15962	147927
487	15993	147872
488	16021	147800
489	16056	147787
490	16091	147775
491	16123	147730
492	16154	147682
493	16190	147680
494	16219	147615
495	16250	147561
496	16281	147516
497	16311	147456
498	16344	147427
499	16375	147381
500	16405	147325
501	16433	147251
502	16467	147224
503	16501	147203
504	16531	147143
505	16567	147141
506	16598	147097
507	16632	147076
508	16661	147011
509	16692	146959
510	16727	146948
511	16764	146947
512	16792	146876
513	16826	146859
514	16865	146878
515	16901	146876
516	16936	146855
517	16971	146844
518	17005	146819
519	17039	146803
520	17069	146747
521	17099	146685
522	17130	146641
523	17159	146575
524	17191	146541
525	17221	146482
526	17255	146456
527	17288	146426
528	17327	146445
529	17357	146394
530	17394	146392
531	17427	146361
532	17463	146361
533	17496	146326
534	17526	146270
535	17560	146251
536	17598	146261
537	17631	146229
538	17665	146208
539	17702	146207
540	17737	146193
541	17769	146152
542	17799	146103
543	17835	146095
544	17866	146049
545	17907	146081
546	17935	146005
547	17969	145989
548	18006	145988
549	18044	145999
550	18075	145945
551	18110	145937
552	18145	145919
553	18181	145914
554	18220	145929
555	18253	145896
556	18283	145840
557	18315	145798
558	18348	145768
559	18384	145762
560	18414	145704
561	18443	145645
562	18478	145629
563	18516	145639
564	18549	145601
565	18583	145578
566	18611	145511
567	18644	145480
568	18677	145451
569	18714	145451
570	18748	145425
571	18785	145420
572	18813	145349
573	18846	145322
574	18880	145296
575	18916	145285
576	18952	145284
577	18983	145233
578	19014	145184
579	19042	145114
580	19076	145092
581	19111	145079
582	19146	145056
583	19179	145031
584	19214	145008
585	19251	145012
586	19278	144935
587	19314	144927
588	19345	144875
589	19376	144829
590	19413	144826
591	19443	144775
592	19478	144758
593	19506	144691
594	19539	144658
595	19573	144633
596	19603	144580
597	19637	144553
598	19667	144503
599	19696	144443
600	19735	144453
601	19761	144371
602	19796	144353
603	19833	144349
604	19870	144351
605	19904	144322
606	19939	144310
607	19968	144248
608	20002	144223
609	20034	144186
610	20069	144163
611	20104	144149
612	20139	144133
613	20175	144116
614	20207	144082
615	20240	144050
616	20268	143984
617	20302	143954
618	20332	143903
619	20369	143899
620	20405	143886
621	20441	143879
622	20476	143859
623	20509	143827
624	20543	143806
625	20578	143788
626	20606	143722
627	20637	143671
628	20673	143660
629	20703	143609
630	20737	143586
631	20768	143538
632	20800	143501
633	20837	143496
634	20863	143417
635	20897	143393
636	20934	143383
637	20963	143324
638	20993	143273
639	21027	143247
640	21063	143236
641	21096	143208
642	21122	143129
643	21152	143077
644	21186	143051
645	21221	143029
646	21254	143000
647	21287	142967
648	21323	142952
649	21354	142911
650	21387	142876
651	21424	142874
652	21456	142835
653	21488	142797
654	21523	142776
655	21559	142764
656	21594	142744
657	21626	142708
658	21655	142652
659	21690	142631
660	21728	142632
661	21764	142617
662	21794	142569
663	21826	142529
664	21852	142449
665	21883	142405
666	21920	142399
667	21952	142362
668	21987	142345
669	22023	142329
670	22062	142334
671	22093	142291
672	22122	142232
673	22155	142201
674	22192	142193
675	22224	142158
676	22260	142143
677	22292	142106
678	22326	142082
679	22357	142037
680	22391	142011
681	22424	141975
682	22460	141965
683	22489	141906
684	22523	141882
685	22559	141866
686	22593	141841
687	22625	141805
688	22661	141787
689	22698	141780
690	22735	141778
691	22767	141739
692	22804	141727
693	22841	141723
694	22882	141738
695	22911	141684
696	22939	141621
697	22971	141579
698	23005	141551
699	23034	141495
700	23061	141428
701	23092	141384
702	23130	141381
703	23162	141341
704	23191	141287
705	23221	141235
706	23252	141194
707	23284	141156
708	23321	141143
709	23347	141073
710	23382	141053
711	23414	141015
712	23450	141001
713	23483	140964
714	23513	140918
715	23547	140892
716	23582	140870
717	23612	140820
718	23646	140793
719	23680	140766
720	23712	140731
721	23743	140687
722	23778	140662
723	23812	140638
724	23848	140621
725	23880	140586
726	23908	140525
727	23940	140485
728	23970	140434
729	24006	140420
730	24041	140399
731	24075	140374
732	24107	140335
733	24145	140332
734	24179	140308
735	24210	140264
736	24240	140213
737	24275	140194
738	24312	140182
739	24342	140131
740	24378	140118
741	24406	140059
742	24442	140039
743	24470	139982
744	24504	139956
745	24530	139881
746	24562	139842
747	24593	139798
748	24628	139778
749	24664	139765
750	24700	139750
751	24738	139744
752	24775	139734
753	24815	139742
754	24847	139703
755	24883	139688
756	24920	139680
757	24957	139671
758	25000	139693
759	25036	139677
760	25072	139662
761	25102	139613
762	25135	139580
763	25167	139539
764	25201	139513
765	25233	139477
766	25269	139457
767	25309	139466
768	25344	139444
769	25383	139442
770	25415	139404
771	25452	139394
772	25487	139373
773	25524	139360
774	25559	139342
775	25592	139308
776	25623	139261
777	25657	139237
778	25696	139233
779	25730	139210
780	25765	139184
781	25795	139135
782	25827	139101
783	25862	139079
784	25894	139036
785	25926	138998
786	25958	138963
787	25990	138923
788	26020	138876
789	26052	138835
790	26085	138801
791	26118	138773
792	26153	138750
793	26180	138685
794	26211	138638
795	26246	138617
796	26277	138577
797	26312	138550
798	26346	138526
799	26376	138474
800	26408	138437
801	26442	138408
802	26471	138357
803	26507	138339
804	26544	138330
805	26580	138311
806	26618	138306
807	26651	138272
808	26689	138265
809	26728	138261
810	26767	138261
811	26802	138237
812	26837	138214
813	26875	138208
814	26908	138174
815	26939	138130
816	26975	138111
817	27016	138119
818	27055	138115
819	27087	138077
820	27122	138056
821	27161	138051
822	27194	138021
823	27228	137991
824	27261	137961
825	27301	137962
826	27336	137941
827	27369	137907
828	27405	137887
829	27436	137844
830	27472	137825
831	27506	137797
832	27561	137873
833	27602	137881
834	27637	137857
835	27672	137835
836	27706	137803
837	27737	137762
838	27769	137722
839	27804	137698
840	27838	137667
841	27873	137645
842	27901	137588
843	27933	137551
844	27968	137526
845	28000	137486
846	28031	137441
847	28065	137415
848	28100	137390
849	28137	137375
850	28169	137339
851	28198	137287
852	28231	137253
853	28265	137225
854	28295	137173
855	28328	137142
856	28358	137092
857	28390	137053
858	28426	137037
859	28454	136976
860	28490	136959
861	28525	136935
862	28560	136912
863	28591	136869
864	28621	136819
865	28656	136797
866	28686	136751
867	28717	136704
868	28754	136689
869	28786	136653
870	28822	136632
871	28860	136624
872	28895	136599
873	28931	136579
874	28961	136532
875	28998	136516
876	29030	136480
877	29067	136463
878	29101	136435
879	29131	136386
880	29162	136344
881	29199	136331
882	29229	136284
883	29260	136241
884	29300	136240
885	29336	136221
886	29369	136184
887	29403	136158
888	29442	136150
889	29475	136117
890	29510	136092
891	29540	136045
892	29576	136023
893	29610	135995
894	29642	135957
895	29674	135921
896	29706	135880
897	29743	135864
898	29780	135849
899	29815	135827
900	29851	135804
901	29888	135788
902	29919	135749
903	29952	135714
904	29987	135687
905	30024	135673
906	30062	135660
907	30096	135633
908	30132	135612
909	30160	135554
910	30193	135523
911	30226	135489
912	30261	135465
913	30297	135443
914	30323	135380
915	30354	135334
916	30387	135304
917	30433	135326
918	30467	135299
919	30500	135263
920	30535	135237
921	30572	135219
922	30607	135198
923	30640	135161
924	30675	135137
925	30699	135065
926	30730	135023
927	30758	134966
928	30787	134913
929	30819	134876
930	30855	134856
931	30887	134817
932	30920	134782
933	30955	134759
934	30989	134727
935	31018	134678
936	31050	134642
937	31083	134604
938	31117	134579
939	31153	134556
940	31184	134512
941	31221	134495
942	31252	134455
943	31288	134434
944	31320	134397
945	31348	134341
946	31382	134310
947	31413	134271
948	31442	134217
949	31471	134168
950	31502	134126
951	31537	134101
952	31575	134089
953	31609	134059
954	31638	134009
955	31667	133957
956	31698	133914
957	31738	133909
958	31772	133883
959	31807	133856
960	31840	133822
961	31873	133790
962	31911	133776
963	31948	133758
964	31983	133733
965	32018	133707
966	32049	133667
967	32086	133651
968	32120	133619
969	32155	133596
970	32186	133553
971	32220	133524
972	32254	133494
973	32292	133478
974	32331	133469
975	32361	133424
976	32395	133393
977	32430	133368
978	32462	133329
979	32495	133299
980	32534	133287
981	32569	133263
982	32605	133239
983	32633	133188
984	32660	133129
985	32690	133083
986	32719	133034
987	32747	132978
988	32777	132932
989	32806	132882
990	32834	132827
991	32866	132789
992	32896	132747
993	32934	132730
994	32964	132687
995	33003	132674
996	33033	132629
997	33064	132590
998	33099	132563
999	33131	132524
1000	33162	132483
1001	33191	132433
1002	33227	132413
1003	33263	132393
1004	33299	132370
1005	33337	132355
1006	33370	132320
1007	33397	132266
1008	33430	132230
1009	33461	132191
1010	33494	132156
1011	33528	132124
1012	33557	132078
1013	33594	132057
1014	33625	132018
1015	33659	131987
1016	33694	131960
1017	33724	131915
1018	33759	131889
1019	33794	131865
1020	33831	131848
1021	33865	131815
1022	33896	131774
1023	33928	131738
1024	33961	131706
1025	33999	131689
1026	34031	131651
1027	34064	131619
1028	34097	131583
1029	34125	131531
1030	34160	131507
1031	34195	131480
1032	34225	131436
1033	34260	131410
1034	34291	131366
1035	34324	131332
1036	34355	131293
1037	34383	131241
1038	34413	131195
1039	34440	131140
1040	34474	131107
1041	34509	131084
1042	34538	131032
1043	34575	131015
1044	34611	130994
1045	34641	130949
1046	34680	130938
1047	34710	130891
1048	34740	130848
1049	34775	130821
1050	34812	130803
1051	34844	130767
1052	34874	130721
1053	34907	130688
1054	34936	130641
1055	34973	130618
1056	35008	130595
1057	35045	130576
1058	35076	130535
1059	35113	130514
1060	35144	130476
1061	35175	130434
1062	35209	130403
1063	35243	130375
1064	35279	130350
1065	35309	130306
1066	35344	130280
1067	35375	130240
1068	35406	130199
1069	35437	130157
1070	35469	130122
1071	35502	130087
1072	35539	130068
1073	35566	130012
1074	35601	129988
1075	35633	129949
1076	35670	129931
1077	35706	129906
1078	35741	129882
1079	35776	129853
1080	35810	129826
1081	35845	129799
1082	35877	129760
1083	35911	129733
1084	35942	129692
1085	35973	129649
1086	36003	129606
1087	36042	129592
1088	36077	129566
1089	36107	129523
1090	36136	129475
1091	36172	129453
1092	36201	129403
1093	36231	129360
1094	36261	129314
1095	36294	129281
1096	36327	129247
1097	36360	129217
1098	36398	129199
1099	36435	129179
1100	36469	129151
1101	36505	129128
1102	36540	129099
1103	36569	129054
1104	36601	129016
1105	36636	128987
1106	36663	128934
1107	36696	128901
1108	36727	128860
1109	36762	128833
1110	36800	128819
1111	36837	128798
1112	36876	128784
1113	36907	128744
1114	36943	128721
1115	36979	128700
1116	37019	128688
1117	37056	128670
1118	37090	128638
1119	37136	128651
1120	37176	128640
1121	37210	128611
1122	37248	128595
1123	37284	128570
1124	37319	128545
1125	37352	128510
1126	37385	128478
1127	37415	128432
1128	37455	128423
1129	37489	128394
1130	37520	128352
1131	37555	128325
1132	37591	128300
1133	37619	128252
1134	37655	128229
1135	37691	128203
1136	37725	128173
1137	37760	128145
1138	37794	128117
1139	37826	128077
1140	37860	128049
1141	37900	128037
1142	37929	127990
1143	37961	127954
1144	37990	127905
1145	38026	127882
1146	38058	127845
1147	38088	127803
1148	38119	127763
1149	38155	127737
1150	38189	127706
1151	38222	127675
1152	38258	127649
1153	38287	127604
1154	38325	127585
1155	38357	127547
1156	38389	127510
1157	38417	127462
1158	38450	127425
1159	38477	127374
1160	38511	127342
1161	38540	127297
1162	38577	127274
1163	38611	127245
1164	38643	127209
1165	38673	127164
1166	38709	127141
1167	38744	127113
1168	38776	127075
1169	38807	127037
1170	38840	127002
1171	38872	126964
1172	38907	126940
1173	38942	126912
1174	38975	126879
1175	39009	126846
1176	39039	126802
1177	39074	126777
1178	39106	126739
1179	39142	126714
1180	39174	126679
1181	39205	126637
1182	39239	126607
1183	39277	126591
1184	39313	126565
1185	39340	126512
1186	39370	126469
1187	39401	126429
1188	39428	126375
1189	39463	126349
1190	39495	126312
1191	39525	126268
1192	39556	126229
1193	39589	126197
1194	39623	126166
1195	39660	126143
1196	39689	126098
1197	39725	126072
1198	39759	126044
1199	39795	126019
1200	39831	125996
1201	39865	125963
1202	39899	125933
1203	39929	125890
1204	39956	125837
1205	39993	125816
1206	40027	125786
1207	40060	125752
1208	40095	125726
1209	40127	125689
1210	40162	125661
1211	40199	125639
1212	40228	125595
1213	40260	125557
1214	40293	125522
1215	40326	125489
1216	40359	125455
1217	40394	125427
1218	40426	125393
1219	40461	125363
1220	40489	125316
1221	40524	125288
1222	40554	125243
1223	40585	125205
1224	40615	125162
1225	40649	125130
1226	40686	125110
1227	40719	125075
1228	40751	125038
1229	40788	125018
1230	40823	124990
1231	40849	124934
1232	40883	124904
1233	40920	124883
1234	40954	124853
1235	40991	124832
1236	41029	124812
1237	41065	124788
1238	41106	124779
1239	41135	124732
1240	41162	124680
1241	41197	124652
1242	41231	124623
1243	41262	124583
1244	41299	124562
1245	41336	124540
1246	41368	124504
1247	41404	124478
1248	41437	124446
1249	41471	124415
1250	41505	124385
1251	41541	124357
1252	41576	124331
1253	41606	124289
1254	41640	124259
1255	41676	124233
1256	41711	124205
1257	41743	124169
1258	41779	124144
1259	41813	124113
1260	41847	124083
1261	41880	124049
1262	41912	124010
1263	41943	123973
1264	41974	123933
1265	42007	123899
1266	42038	123860
1267	42074	123834
1268	42107	123800
1269	42143	123777
1270	42178	123748
1271	42209	123708
1272	42242	123675
1273	42281	123657
1274	42314	123623
1275	42346	123589
1276	42380	123558
1277	42415	123530
1278	42449	123498
1279	42486	123477
1280	42518	123440
1281	42556	123420
1282	42589	123385
1283	42624	123358
1284	42653	123313
1285	42690	123290
1286	42719	123244
1287	42751	123209
1288	42786	123182
1289	42818	123144
1290	42854	123119
1291	42881	123068
1292	42914	123034
1293	42944	122991
1294	42981	122971
1295	43011	122928
1296	43043	122889
1297	43077	122860
1298	43105	122812
1299	43141	122786
1300	43175	122755
1301	43204	122711
1302	43240	122685
1303	43275	122658
1304	43310	122630
1305	43339	122586
1306	43373	122554
1307	43408	122525
1308	43442	122495
1309	43476	122464
1310	43503	122413
1311	43535	122378
1312	43572	122354
1313	43607	122327
1314	43642	122297
1315	43678	122272
1316	43712	122242
1317	43742	122201
1318	43776	122169
1319	43806	122127
1320	43842	122102
1321	43875	122068
1322	43908	122034
1323	43940	121997
1324	43968	121949
1325	44000	121912
1326	44030	121871
1327	44064	121842
1328	44103	121823
1329	44138	121795
1330	44169	121756
1331	44202	121722
1332	44234	121687
1333	44268	121656
1334	44306	121634
1335	44341	121608
1336	44375	121577
1337	44411	121551
1338	44446	121523
1339	44474	121475
1340	44504	121434
1341	44538	121402
1342	44573	121374
1343	44605	121337
1344	44641	121312
1345	44676	121283
1346	44712	121257
1347	44746	121226
1348	44778	121190
1349	44809	121151
1350	44835	121098
1351	44866	121059
1352	44903	121037
1353	44935	121000
1354	44969	120969
1355	45001	120933
1356	45031	120891
1357	45068	120869
1358	45093	120812
1359	45128	120784
1360	45160	120747
1361	45190	120707
1362	45224	120675
1363	45257	120641
1364	45284	120592
1365	45317	120560
1366	45353	120532
1367	45380	120485
1368	45413	120450
1369	45448	120420
1370	45476	120375
1371	45509	120340
1372	45543	120311
1373	45579	120283
1374	45615	120258
1375	45648	120224
1376	45676	120179
1377	45714	120157
1378	45750	120131
1379	45785	120104
1380	45820	120076
1381	45856	120049
1382	45892	120024
1383	45927	119995
1384	45960	119962
1385	45995	119932
1386	46029	119901
1387	46063	119872
1388	46095	119835
1389	46128	119801
1390	46163	119773
1391	46196	119740
1392	46230	119707
1393	46264	119677
1394	46293	119633
1395	46330	119610
1396	46374	119605
1397	46409	119575
1398	46438	119531
1399	46471	119498
1400	46504	119465
1401	46543	119446
1402	46577	119414
1403	46617	119400
1404	46656	119381
1405	46695	119361
1406	46736	119348
1407	46779	119340
1408	46814	119311
1409	46851	119288
1410	46890	119271
1411	46928	119248
1412	46964	119223
1413	47001	119198
1414	47039	119177
1415	47075	119151
1416	47112	119126
1417	47145	119092
1418	47181	119068
1419	47211	119025
1420	47252	119011
1421	47288	118985
1422	47322	118953
1423	47353	118915
1424	47383	118873
1425	47412	118830
1426	47442	118789
1427	47471	118746
1428	47507	118718
1429	47538	118680
1430	47573	118651
1431	47610	118627
1432	47648	118605
1433	47683	118576
1434	47713	118535
1435	47746	118502
1436	47778	118464
1437	47806	118419
1438	47833	118369
1439	47866	118337
1440	47902	118309
1441	47937	118281
1442	47965	118235
1443	47994	118192
1444	48025	118152
1445	48058	118118
1446	48094	118093
1447	48125	118054
1448	48161	118026
1449	48191	117987
1450	48222	117947
1451	48253	117908
1452	48283	117867
1453	48313	117825
1454	48347	117795
1455	48380	117760
1456	48414	117730
1457	48445	117690
1458	48475	117651
1459	48510	117622
1460	48541	117582
1461	48575	117551
1462	48611	117525
1463	48646	117494
1464	48679	117461
1465	48712	117428
1466	48743	117390
1467	48774	117351
1468	48807	117316
1469	48838	117280
1470	48869	117239
1471	48905	117214
1472	48937	117177
1473	48970	117144
1474	49004	117111
1475	49040	117085
1476	49073	117052
1477	49108	117024
1478	49143	116995
1479	49176	116961
1480	49202	116910
1481	49232	116869
1482	49269	116844
1483	49304	116815
1484	49340	116789
1485	49370	116748
1486	49403	116715
1487	49440	116689
1488	49475	116660
1489	49504	116617
1490	49542	116596
1491	49579	116572
1492	49607	116526
1493	49646	116505
1494	49684	116483
1495	49718	116452
1496	49751	116419
1497	49780	116376
1498	49813	116343
1499	49849	116314
1500	49884	116287
1501	49923	116265
1502	49960	116241
1503	49995	116213
1504	50033	116190
1505	50070	116166
1506	50106	116139
1507	50141	116109
1508	50173	116073
1509	50214	116057
1510	50243	116014
1511	50271	115970
1512	50303	115934
1513	50337	115902
1514	50373	115875
1515	50406	115842
1516	50440	115811
1517	50476	115783
1518	50512	115757
1519	50548	115728
1520	50584	115701
1521	50619	115672
1522	50657	115650
1523	50694	115624
1524	50729	115596
1525	50757	115551
1526	50788	115512
1527	50819	115473
1528	50853	115443
1529	50890	115418
1530	50925	115390
1531	50962	115363
1532	50995	115330
1533	51026	115292
1534	51059	115258
1535	51092	115223
1536	51124	115188
1537	51156	115152
1538	51182	115103
1539	51214	115067
1540	51244	115026
1541	51277	114992
1542	51308	114953
1543	51341	114919
1544	51374	114885
1545	51402	114841
1546	51431	114797
1547	51468	114773
1548	51504	114747
1549	51537	114712
1550	51571	114680
1551	51597	114631
1552	51627	114591
1553	51661	114558
1554	51691	114519
1555	51726	114490
1556	51758	114453
1557	51789	114414
1558	51820	114378
1559	51849	114334
1560	51879	114293
1561	51915	114267
1562	51951	114240
1563	51987	114212
1564	52018	114174
1565	52052	114142
1566	52086	114110
1567	52116	114072
1568	52148	114036
1569	52179	113997
1570	52211	113960
1571	52245	113930
1572	52280	113900
1573	52313	113865
1574	52338	113815
1575	52372	113783
1576	52409	113758
1577	52443	113726
1578	52476	113692
1579	52518	113679
1580	52549	113641
1581	52583	113610
1582	52616	113575
1583	52646	113535
1584	52674	113490
1585	52718	113480
1586	52754	113452
1587	52783	113411
1588	52817	113380
1589	52850	113346
1590	52880	113305
1591	52917	113280
1592	52948	113243
1593	52981	113209
1594	53011	113169
1595	53044	113134
1596	53074	113095
1597	53112	113072
1598	53145	113037
1599	53180	113008
1600	53214	112977
1601	53248	112945
1602	53281	112912
1603	53318	112886
1604	53353	112857
1605	53391	112832
1606	53424	112799
1607	53455	112762
1608	53492	112735
1609	53529	112711
1610	53557	112666
1611	53586	112625
1612	53615	112582
1613	53647	112547
1614	53679	112510
1615	53710	112473
1616	53740	112433
1617	53775	112404
1618	53804	112360
1619	53832	112318
1620	53870	112294
1621	53900	112253
1622	53937	112229
1623	53971	112196
1624	54006	112167
1625	54038	112132
1626	54075	112106
1627	54106	112068
1628	54136	112027
1629	54174	112003
1630	54205	111967
1631	54237	111932
1632	54271	111900
1633	54306	111870
1634	54337	111832
1635	54371	111801
1636	54401	111759
1637	54434	111726
1638	54468	111694
1639	54498	111654
1640	54528	111615
1641	54561	111581
1642	54591	111541
1643	54626	111511
1644	54654	111467
1645	54683	111426
1646	54716	111393
1647	54748	111356
1648	54789	111340
1649	54828	111318
1650	54862	111286
1651	54894	111251
1652	54928	111218
1653	54963	111188
1654	54996	111156
1655	55029	111122
1656	55060	111085
1657	55092	111049
1658	55126	111016
1659	55158	110981
1660	55192	110948
1661	55222	110910
1662	55253	110873
1663	55282	110829
1664	55316	110799
1665	55346	110758
1666	55383	110733
1667	55417	110702
1668	55448	110664
1669	55475	110619
1670	55507	110582
1671	55543	110554
1672	55576	110521
1673	55607	110484
1674	55640	110450
1675	55677	110424
1676	55710	110390
1677	55743	110358
1678	55772	110316
1679	55811	110293
1680	55844	110261
1681	55880	110231
1682	55914	110201
1683	55943	110159
1684	55975	110124
1685	56007	110088
1686	56041	110056
1687	56075	110024
1688	56104	109982
1689	56136	109948
1690	56169	109913
1691	56197	109871
1692	56231	109839
1693	56267	109811
1694	56299	109775
1695	56331	109740
1696	56367	109711
1697	56404	109687
1698	56440	109658
1699	56474	109627
1700	56509	109597
1701	56545	109569
1702	56580	109539
1703	56613	109506
1704	56647	109474
1705	56679	109438
1706	56716	109412
1707	56755	109390
1708	56793	109366
1709	56830	109340
1710	56869	109317
1711	56905	109290
1712	56978	109333
1713	57023	109321
1714	57058	109292
1715	57093	109262
1716	57128	109233
1717	57162	109201
1718	57200	109177
1719	57234	109144
1720	57262	109101
1721	57298	109073
1722	57336	109048
1723	57370	109017
1724	57404	108986
1725	57440	108956
1726	57472	108921
1727	57504	108886
1728	57536	108850
1729	57567	108813
1730	57599	108777
1731	57633	108745
1732	57668	108714
1733	57706	108690
1734	57741	108659
1735	57774	108627
1736	57810	108598
1737	57844	108566
1738	57874	108527
1739	57905	108489
1740	57937	108453
1741	57968	108416
1742	58003	108386
1743	58039	108358
1744	58069	108318
1745	58098	108277
1746	58132	108246
1747	58166	108212
1748	58200	108182
1749	58233	108147
1750	58269	108118
1751	58304	108090
1752	58342	108065
1753	58378	108036
1754	58406	107993
1755	58450	107979
1756	58478	107937
1757	58515	107911
1758	58550	107880
1759	58584	107848
1760	58619	107817
1761	58655	107789
1762	58691	107761
1763	58727	107732
1764	58761	107701
1765	58796	107672
1766	58831	107641
1767	58866	107610
1768	58896	107572
1769	58924	107528
1770	58957	107495
1771	58994	107468
1772	59029	107437
1773	59065	107410
1774	59096	107372
1775	59124	107330
1776	59164	107309
1777	59198	107277
1778	59235	107250
1779	59269	107218
1780	59307	107192
1781	59341	107160
1782	59377	107132
1783	59412	107102
1784	59444	107067
1785	59474	107027
1786	59510	106998
1787	59542	106962
1788	59575	106929
1789	59608	106895
1790	59642	106863
1791	59673	106825
1792	59710	106798
1793	59742	106764
1794	59776	106732
1795	59811	106700
1796	59852	106682
1797	59885	106647
1798	59919	106616
1799	59953	106584
1800	59985	106548
1801	60020	106517
1802	60054	106485
1803	60089	106455
1804	60125	106427
1805	60157	106392
1806	60191	106359
1807	60221	106320
1808	60256	106289
1809	60289	106255
1810	60320	106218
1811	60355	106189
1812	60391	106158
1813	60424	106126
1814	60452	106083
1815	60481	106041
1816	60516	106011
1817	60549	105977
1818	60584	105947
1819	60616	105912
1820	60649	105878
1821	60681	105843
1822	60713	105807
1823	60747	105776
1824	60781	105743
1825	60818	105715
1826	60854	105686
1827	60891	105660
1828	60921	105621
1829	60956	105591
1830	60988	105555
1831	61016	105513
1832	61047	105475
1833	61076	105435
1834	61108	105400
1835	61146	105373
1836	61181	105344
1837	61211	105304
1838	61241	105265
1839	61277	105238
1840	61313	105209
1841	61344	105170
1842	61378	105139
1843	61413	105109
1844	61446	105074
1845	61479	105041
1846	61512	105007
1847	61551	104983
1848	61582	104947
1849	61619	104918
1850	61656	104892
1851	61685	104852
1852	61715	104812
1853	61741	104768
1854	61773	104731
1855	61813	104710
1856	61846	104675
1857	61879	104641
1858	61913	104609
1859	61947	104577
1860	61976	104537
1861	62006	104498
1862	62033	104454
1863	62069	104425
1864	62099	104386
1865	62132	104354
1866	62163	104315
1867	62195	104280
1868	62234	104257
1869	62269	104227
1870	62303	104194
1871	62338	104164
1872	62371	104130
1873	62404	104096
1874	62433	104056
1875	62465	104020
1876	62500	103990
1877	62537	103962
1878	62571	103930
1879	62604	103897
1880	62633	103857
1881	62671	103830
1882	62706	103800
1883	62735	103760
1884	62765	103722
1885	62805	103699
1886	62839	103667
1887	62875	103637
1888	62903	103596
1889	62939	103566
1890	62973	103535
1891	63005	103498
1892	63039	103467
1893	63073	103434
1894	63103	103396
1895	63136	103362
1896	63167	103325
1897	63201	103293
1898	63234	103259
1899	63265	103222
1900	63304	103197
1901	63334	103160
1902	63372	103134
1903	63406	103101
1904	63441	103071
1905	63475	103039
1906	63509	103007
1907	63542	102972
1908	63571	102933
1909	63604	102899
1910	63637	102865
1911	63666	102825
1912	63701	102795
1913	63735	102762
1914	63762	102719
1915	63799	102692
1916	63834	102661
1917	63871	102633
1918	63899	102591
1919	63933	102559
1920	63964	102522
1921	63995	102486
1922	64031	102456
1923	64062	102420
1924	64096	102388
1925	64129	102354
1926	64166	102325
1927	64199	102293
1928	64229	102254
1929	64264	102224
1930	64300	102194
1931	64336	102166
1932	64369	102131
1933	64403	102099
1934	64438	102069
1935	64467	102029
1936	64500	101995
1937	64533	101961
1938	64566	101927
1939	64594	101886
1940	64629	101855
1941	64665	101826
1942	64702	101798
1943	64731	101759
1944	64761	101721
1945	64797	101691
1946	64831	101658
1947	64861	101621
1948	64893	101586
1949	64931	101558
1950	64966	101529
1951	64998	101493
1952	65032	101461
1953	65068	101431
1954	65095	101388
1955	65127	101353
1956	65159	101318
1957	65193	101286
1958	65226	101252
1959	65258	101217
1960	65292	101185
1961	65326	101153
1962	65361	101121
1963	65396	101090
1964	65431	101060
1965	65464	101026
1966	65497	100993
1967	65529	100958
1968	65565	100928
1969	65599	100896
1970	65636	100869
1971	65670	100836
1972	65706	100808
1973	65739	100774
1974	65774	100743
1975	65813	100717
1976	65847	100687
1977	65882	100655
1978	65907	100609
1979	65936	100569
1980	65974	100544
1981	66006	100509
1982	66038	100473
1983	66068	100434
1984	66101	100401
1985	66131	100363
1986	66167	100333
1987	66205	100307
1988	66235	100269
1989	66269	100236
1990	66303	100204
1991	66331	100163
1992	66369	100136
1993	66398	100097
1994	66432	100065
1995	66468	100036
1996	66502	100003
1997	66533	99966
1998	66571	99940
1999	66606	99909
2000	66637	99872
2001	66667	99835
2002	66701	99803
2003	66726	99757
2004	66759	99723
2005	66796	99694
2006	66827	99657
2007	66865	99632
2008	66900	99600
2009	66929	99561
2010	66964	99530
2011	66992	99490
2012	67026	99457
2013	67060	99425
2014	67097	99397
2015	67131	99365
2016	67165	99333
2017	67197	99297
2018	67234	99270
2019	67267	99235
2020	67304	99208
2021	67337	99174
2022	67370	99140
2023	67407	99112
2024	67440	99079
2025	67470	99041
2026	67501	99005
2027	67531	98965
2028	67563	98930
2029	67597	98898
2030	67627	98861
2031	67666	98835
2032	67699	98802
2033	67733	98769
2034	67764	98733
2035	67794	98695
2036	67831	98667
2037	67865	98635
2038	67895	98597
2039	67930	98565
2040	67961	98529
2041	67998	98501
2042	68031	98467
2043	68066	98436
2044	68095	98396
2045	68128	98363
2046	68159	98326
2047	68191	98291
2048	68229	98265
2049	68263	98232
2050	68300	98204
2051	68337	98177
2052	68371	98144
2053	68407	98114
2054	68438	98077
2055	68470	98042
2056	68502	98008
2057	68534	97973
2058	68565	97935
2059	68601	97906
2060	68637	97877
2061	68670	97843
2062	68705	97813
2063	68740	97782
2064	68772	97746
2065	68807	97715
2066	68835	97675
2067	68872	97646
2068	68905	97613
2069	68937	97577
2070	68971	97545
2071	69004	97511
2072	69035	97476
2073	69067	97440
2074	69103	97410
2075	69140	97382
2076	69170	97344
2077	69202	97309
2078	69226	97263
2079	69260	97230
2080	69293	97197
2081	69324	97161
2082	69356	97125
2083	69386	97087
2084	69417	97051
2085	69444	97009
2086	69474	96970
2087	69509	96939
2088	69542	96906
2089	69579	96878
2090	69610	96841
2091	69644	96810
2092	69679	96779
2093	69711	96743
2094	69744	96709
2095	69777	96676
2096	69810	96642
2097	69849	96617
2098	69885	96588
2099	69918	96554
2100	69952	96522
2101	69986	96488
2102	70019	96455
2103	70050	96418
2104	70083	96385
2105	70113	96347
2106	70144	96310
2107	70181	96282
2108	70216	96252
2109	70251	96221
2110	70289	96194
2111	70326	96166
2112	70354	96125
2113	70386	96090
2114	70417	96054
2115	70451	96022
2116	70480	95982
2117	70512	95947
2118	70547	95916
2119	70580	95883
2120	70611	95846
2121	70648	95818
2122	70682	95786
2123	70712	95748
2124	70747	95717
2125	70785	95690
2126	70820	95659
2127	70859	95633
2128	70904	95615
2129	70941	95587
2130	70975	95555
2131	71014	95529
2132	71051	95500
2133	71085	95468
2134	71117	95433
2135	71150	95400
2136	71183	95366
2137	71221	95338
2138	71261	95314
2139	71297	95285
2140	71333	95256
2141	71365	95220
2142	71401	95190
2143	71437	95160
2144	71472	95129
2145	71514	95108
2146	71547	95074
2147	71579	95040
2148	71610	95003
2149	71647	94974
2150	71680	94940
2151	71716	94911
2152	71745	94872
2153	71781	94841
2154	71816	94811
2155	71852	94781
2156	71889	94753
2157	71924	94721
2158	71959	94690
2159	71987	94649
2160	72021	94618
2161	72055	94584
2162	72090	94554
2163	72125	94522
2164	72158	94489
2165	72194	94459
2166	72226	94424
2167	72260	94391
2168	72291	94355
2169	72319	94315
2170	72352	94282
2171	72389	94252
2172	72422	94219
2173	72458	94188
2174	72493	94158
2175	72528	94127
2176	72564	94097
2177	72597	94062
2178	72630	94030
2179	72665	93998
2180	72700	93967
2181	72734	93935
2182	72768	93902
2183	72805	93873
2184	72836	93837
2185	72874	93809
2186	72912	93783
2187	72946	93750
2188	72980	93717
2189	73017	93689
2190	73049	93653
2191	73080	93617
2192	73114	93584
2193	73148	93552
2194	73186	93525
2195	73221	93494
2196	73253	93459
2197	73289	93429
2198	73326	93400
2199	73358	93365
2200	73393	93334
2201	73428	93302
2202	73463	93271
2203	73501	93243
2204	73535	93212
2205	73572	93182
2206	73605	93149
2207	73640	93118
2208	73677	93089
2209	73710	93055
2210	73744	93022
2211	73779	92991
2212	73818	92965
2213	73853	92933
2214	73887	92901
2215	73915	92861
2216	73947	92826
2217	73976	92787
2218	74012	92757
2219	74047	92726
2220	74085	92698
2221	74116	92661
2222	74146	92625
2223	74180	92592
2224	74216	92562
2225	74243	92521
2226	74279	92490
2227	74312	92456
2228	74347	92425
2229	74381	92392
2230	74413	92357
2231	74449	92328
2232	74482	92294
2233	74512	92257
2234	74544	92222
2235	74579	92189
2236	74612	92156
2237	74643	92120
2238	74677	92088
2239	74712	92056
2240	74745	92023
2241	74778	91988
2242	74809	91952
2243	74847	91925
2244	74882	91893
2245	74914	91858
2246	74949	91826
2247	74982	91793
2248	75020	91766
2249	75054	91732
2250	75089	91702
2251	75120	91665
2252	75159	91639
2253	75190	91602
2254	75224	91570
2255	75255	91533
2256	75285	91496
2257	75323	91468
2258	75360	91440
2259	75391	91404
2260	75430	91376
2261	75458	91337
2262	75491	91303
2263	75527	91273
2264	75559	91238
2265	75594	91206
2266	75627	91172
2267	75660	91139
2268	75694	91106
2269	75728	91074
2270	75765	91045
2271	75797	91010
2272	75834	90981
2273	75868	90949
2274	75902	90915
2275	75934	90881
2276	75969	90850
2277	76005	90819
2278	76037	90784
2279	76073	90754
2280	76106	90719
2281	76148	90697
2282	76182	90664
2283	76214	90629
2284	76252	90601
2285	76282	90565
2286	76313	90527
2287	76345	90493
2288	76380	90462
2289	76413	90428
2290	76446	90394
2291	76482	90364
2292	76522	90338
2293	76554	90303
2294	76593	90277
2295	76629	90246
2296	76664	90215
2297	76691	90174
2298	76718	90133
2299	76758	90108
2300	76792	90075
2301	76823	90039
2302	76860	90010
2303	76895	89978
2304	76927	89943
2305	76961	89910
2306	76991	89873
2307	77024	89839
2308	77057	89805
2309	77093	89776
2310	77128	89744
2311	77164	89713
2312	77193	89675
2313	77226	89641
2314	77263	89612
2315	77298	89580
2316	77334	89550
2317	77367	89516
2318	77401	89483
2319	77434	89449
2320	77464	89412
2321	77497	89379
2322	77528	89343
2323	77559	89306
2324	77591	89271
2325	77626	89240
2326	77659	89206
2327	77688	89168
2328	77723	89137
2329	77757	89103
2330	77790	89069
2331	77824	89037
2332	77859	89005
2333	77891	88971
2334	77925	88938
2335	77956	88902
2336	77992	88872
2337	78022	88835
2338	78056	88801
2339	78091	88770
2340	78122	88734
2341	78152	88697
2342	78180	88657
2343	78214	88625
2344	78247	88591
2345	78281	88558
2346	78316	88527
2347	78345	88488
2348	78375	88451
2349	78410	88420
2350	78443	88386
2351	78476	88352
2352	78511	88320
2353	78543	88286
2354	78580	88256
2355	78612	88221
2356	78648	88192
2357	78681	88157
2358	78712	88121
2359	78753	88097
2360	78784	88060
2361	78814	88023
2362	78847	87989
2363	78883	87959
2364	78922	87932
2365	78959	87903
2366	78993	87870
2367	79030	87841
2368	79065	87809
2369	79094	87771
2370	79123	87733
2371	79158	87701
2372	79187	87663
2373	79220	87629
2374	79256	87598
2375	79288	87564
2376	79320	87528
2377	79353	87495
2378	79381	87456
2379	79413	87421
2380	79444	87385
2381	79480	87354
2382	79513	87321
2383	79543	87284
2384	79578	87252
2385	79614	87222
2386	79641	87182
2387	79676	87149
2388	79712	87119
2389	79748	87088
2390	79780	87054
2391	79816	87023
2392	79850	86990
2393	79886	86960
2394	79919	86926
2395	79955	86897
2396	79986	86860
2397	80018	86825
2398	80051	86792
2399	80083	86756
2400	80115	86721
2401	80148	86688
2402	80175	86648
2403	80209	86615
2404	80245	86585
2405	80278	86551
2406	80310	86516
2407	80343	86483
2408	80377	86450
2409	80414	86420
2410	80442	86381
2411	80473	86345
2412	80510	86316
2413	80545	86284
2414	80586	86259
2415	80624	86231
2416	80671	86212
2417	80711	86185
2418	80745	86152
2419	80786	86127
2420	80817	86092
2421	80856	86064
2422	80894	86035
2423	80932	86007
2424	80967	85976
2425	81000	85941
2426	81034	85909
2427	81069	85877
2428	81107	85849
2429	81140	85814
2430	81177	85785
2431	81209	85751
2432	81240	85714
2433	81277	85685
2434	81310	85651
2435	81345	85620
2436	81378	85585
2437	81414	85555
2438	81445	85519
2439	81471	85478
2440	81502	85442
2441	81531	85404
2442	81565	85371
2443	81603	85343
2444	81632	85305
2445	81664	85269
2446	81698	85237
2447	81732	85205
2448	81764	85169
2449	81799	85138
2450	81833	85105
2451	81869	85074
2452	81901	85039
2453	81935	85007
2454	81972	84977
2455	82002	84940
2456	82037	84909
2457	82074	84879
2458	82105	84843
2459	82133	84804
2460	82173	84777
2461	82206	84744
2462	82238	84709
2463	82272	84677
2464	82309	84646
2465	82343	84614
2466	82375	84579
2467	82409	84546
2468	82439	84509
2469	82476	84480
2470	82508	84444
2471	82538	84408
2472	82576	84379
2473	82610	84346
2474	82647	84317
2475	82678	84281
2476	82710	84246
2477	82740	84210
2478	82774	84177
2479	82811	84147
2480	82842	84111
2481	82877	84079
2482	82914	84049
2483	82953	84022
2484	82988	83990
2485	83024	83959
2486	83059	83927
2487	83092	83893
2488	83124	83859
2489	83155	83823
2490	83188	83789
2491	83222	83757
2492	83255	83723
2493	83283	83684
2494	83314	83648
2495	83347	83614
2496	83382	83583
2497	83414	83547
2498	83447	83514
2499	83480	83480
2500	83509	83442
2501	83550	83417
2502	83588	83388
2503	83622	83355
2504	83658	83324
2505	83693	83293
2506	83723	83255
2507	83756	83222
2508	83785	83184
2509	83820	83152
2510	83851	83116
2511	83883	83081
2512	83915	83047
2513	83950	83015
2514	83983	82982
2515	84022	82954
2516	84059	82923
2517	84090	82888
2518	84119	82850
2519	84158	82822
2520	84192	82789
2521	84228	82758
2522	84262	82725
2523	84291	82688
2524	84329	82659
2525	84373	82636
2526	84411	82607
2527	84447	82577
2528	84478	82541
2529	84511	82507
2530	84548	82476
2531	84585	82447
2532	84614	82409
2533	84647	82375
2534	84677	82338
2535	84706	82301
2536	84735	82263
2537	84762	82224
2538	84796	82191
2539	84832	82160
2540	84866	82127
2541	84896	82091
2542	84933	82061
2543	84969	82030
2544	84999	81993
2545	85032	81959
2546	85066	81927
2547	85099	81893
2548	85133	81859
2549	85165	81825
2550	85201	81794
2551	85235	81762
2552	85266	81726
2553	85298	81691
2554	85333	81659
2555	85364	81623
2556	85394	81587
2557	85428	81554
2558	85459	81518
2559	85488	81481
2560	85518	81444
2561	85556	81415
2562	85592	81384
2563	85626	81351
2564	85658	81316
2565	85691	81283
2566	85718	81244
2567	85753	81212
2568	85790	81181
2569	85823	81148
2570	85857	81115
2571	85888	81079
2572	85922	81047
2573	85955	81013
2574	85988	80979
2575	86016	80941
2576	86047	80905
2577	86079	80870
2578	86114	80838
2579	86149	80806
2580	86185	80776
2581	86217	80741
2582	86253	80710
2583	86291	80681
2584	86323	80646
2585	86356	80612
2586	86390	80579
2587	86421	80543
2588	86459	80515
2589	86487	80477
2590	86527	80449
2591	86570	80424
2592	86610	80397
2593	86646	80366
2594	86684	80338
2595	86721	80307
2596	86759	80278
2597	86794	80246
2598	86871	80253
2599	86912	80227
2600	86947	80195
2601	86994	80173
2602	87029	80141
2603	87056	80102
2604	87093	80072
2605	87132	80044
2606	87169	80014
2607	87209	79986
2608	87246	79956
2609	87283	79925
2610	87315	79891
2611	87346	79856
2612	87377	79820
2613	87409	79785
2614	87438	79748
2615	87469	79712
2616	87498	79674
2617	87529	79639
2618	87564	79606
2619	87592	79568
2620	87627	79536
2621	87661	79504
2622	87697	79472
2623	87727	79436
2624	87764	79405
2625	87801	79375
2626	87828	79336
2627	87861	79302
2628	87891	79266
2629	87928	79236
2630	87962	79203
2631	87996	79169
2632	88029	79136
2633	88065	79105
2634	88099	79072
2635	88129	79035
2636	88161	79000
2637	88195	78968
2638	88235	78940
2639	88262	78901
2640	88298	78870
2641	88329	78834
2642	88360	78798
2643	88394	78766
2644	88432	78736
2645	88462	78700
2646	88496	78667
2647	88529	78633
2648	88566	78603
2649	88598	78568
2650	88630	78534
2651	88667	78503
2652	88698	78468
2653	88727	78430
2654	88760	78396
2655	88792	78361
2656	88825	78327
2657	88858	78294
2658	88902	78270
2659	88936	78237
2660	88975	78209
2661	89009	78176
2662	89048	78147
2663	89078	78111
2664	89112	78077
2665	89148	78046
2666	89178	78010
2667	89213	77978
2668	89248	77945
2669	89285	77915
2670	89316	77880
2671	89351	77848
2672	89393	77822
2673	89425	77787
2674	89461	77756
2675	89493	77721
2676	89527	77688
2677	89555	77650
2678	89591	77619
2679	89621	77582
2680	89660	77554
2681	89692	77519
2682	89724	77484
2683	89759	77452
2684	89796	77422
2685	89834	77393
2686	89874	77364
2687	89908	77331
2688	89937	77294
2689	89969	77260
2690	90001	77225
2691	90038	77194
2692	90071	77160
2693	90105	77128
2694	90140	77096
2695	90174	77062
2696	90209	77031
2697	90245	76999
2698	90278	76966
2699	90315	76935
2700	90351	76903
2701	90380	76867
2702	90411	76831
2703	90441	76794
2704	90476	76762
2705	90504	76724
2706	90536	76689
2707	90570	76657
2708	90601	76621
2709	90635	76588
2710	90668	76554
2711	90703	76522
2712	90732	76485
2713	90761	76448
2714	90800	76419
2715	90835	76387
2716	90874	76358
2717	90910	76327
2718	90942	76292
2719	90975	76258
2720	91010	76226
2721	91041	76191
2722	91075	76158
2723	91109	76124
2724	91143	76091
2725	91177	76059
2726	91211	76026
2727	91241	75989
2728	91275	75957
2729	91310	75925
2730	91344	75892
2731	91373	75855
2732	91409	75823
2733	91437	75785
2734	91466	75747
2735	91496	75712
2736	91525	75675
2737	91559	75641
2738	91590	75606
2739	91613	75564
2740	91648	75532
2741	91682	75499
2742	91719	75468
2743	91754	75436
2744	91788	75403
2745	91820	75369
2746	91855	75337
2747	91890	75304
2748	91923	75270
2749	91953	75234
2750	91988	75202
2751	92022	75169
2752	92057	75137
2753	92090	75103
2754	92125	75071
2755	92157	75036
2756	92194	75006
2757	92230	74975
2758	92263	74941
2759	92297	74908
2760	92332	74875
2761	92368	74844
2762	92403	74812
2763	92435	74778
2764	92463	74739
2765	92497	74706
2766	92521	74666
2767	92558	74635
2768	92588	74598
2769	92616	74561
2770	92647	74525
2771	92682	74493
2772	92719	74462
2773	92751	74428
2774	92782	74393
2775	92818	74361
2776	92853	74329
2777	92886	74295
2778	92914	74257
2779	92947	74224
2780	92979	74189
2781	93012	74156
2782	93053	74128
2783	93082	74091
2784	93113	74056
2785	93148	74024
2786	93178	73987
2787	93214	73956
2788	93249	73924
2789	93280	73888
2790	93315	73856
2791	93349	73824
2792	93380	73787
2793	93416	73756
2794	93447	73721
2795	93476	73684
2796	93511	73652
2797	93549	73622
2798	93577	73585
2799	93611	73551
2800	93644	73518
2801	93676	73483
2802	93711	73451
2803	93743	73417
2804	93780	73386
2805	93815	73353
2806	93852	73323
2807	93882	73287
2808	93917	73255
2809	93949	73220
2810	93982	73186
2811	94015	73152
2812	94047	73118
2813	94083	73087
2814	94122	73057
2815	94155	73024
2816	94189	72990
2817	94224	72958
2818	94261	72927
2819	94292	72892
2820	94328	72861
2821	94366	72831
2822	94398	72796
2823	94439	72769
2824	94475	72737
2825	94503	72700
2826	94537	72666
2827	94574	72636
2828	94609	72603
2829	94639	72568
2830	94668	72531
2831	94700	72496
2832	94734	72463
2833	94771	72433
2834	94802	72397
2835	94838	72366
2836	94872	72333
2837	94908	72301
2838	94942	72268
2839	94973	72233
2840	95008	72201
2841	95043	72169
2842	95077	72136
2843	95116	72106
2844	95157	72078
2845	95190	72045
2846	95221	72009
2847	95252	71974
2848	95288	71943
2849	95325	71912
2850	95352	71874
2851	95388	71842
2852	95419	71807
2853	95450	71771
2854	95482	71736
2855	95515	71703
2856	95546	71668
2857	95583	71637
2858	95615	71603
2859	95648	71569
2860	95677	71532
2861	95711	71499
2862	95750	71469
2863	95779	71433
2864	95814	71401
2865	95848	71367
2866	95885	71337
2867	95920	71305
2868	95952	71270
2869	95992	71242
2870	96027	71209
2871	96063	71177
2872	96095	71143
2873	96129	71110
2874	96165	71078
2875	96199	71045
2876	96236	71014
2877	96269	70980
2878	96299	70945
2879	96333	70911
2880	96365	70877
2881	96398	70843
2882	96433	70811
2883	96460	70773
2884	96495	70741
2885	96529	70707
2886	96558	70671
2887	96588	70635
2888	96621	70601
2889	96659	70571
2890	96698	70542
2891	96739	70514
2892	96771	70479
2893	96810	70450
2894	96855	70425
2895	96888	70391
2896	96921	70357
2897	96954	70323
2898	96985	70288
2899	97024	70258
2900	97058	70225
2901	97097	70196
2902	97140	70169
2903	97177	70138
2904	97216	70109
2905	97254	70079
2906	97290	70047
2907	97324	70014
2908	97353	69977
2909	97389	69946
2910	97425	69914
2911	97459	69881
2912	97492	69847
2913	97521	69811
2914	97547	69772
2915	97584	69741
2916	97618	69708
2917	97652	69674
2918	97684	69640
2919	97720	69609
2920	97751	69574
2921	97786	69541
2922	97823	69510
2923	97856	69476
2924	97889	69442
2925	97916	69404
2926	97944	69367
2927	97981	69336
2928	98012	69301
2929	98048	69269
2930	98077	69233
2931	98106	69196
2932	98137	69161
2933	98174	69130
2934	98205	69095
2935	98241	69063
2936	98268	69025
2937	98300	68990
2938	98335	68958
2939	98364	68922
2940	98396	68887
2941	98430	68854
2942	98458	68817
2943	98488	68781
2944	98521	68747
2945	98557	68716
2946	98593	68684
2947	98625	68650
2948	98658	68616
2949	98687	68579
2950	98717	68543
2951	98753	68511
2952	98781	68474
2953	98814	68440
2954	98848	68408
2955	98886	68377
2956	98920	68344
2957	98955	68311
2958	98985	68276
2959	99021	68244
2960	99054	68210
2961	99087	68177
2962	99122	68144
2963	99155	68111
2964	99184	68074
2965	99214	68038
2966	99243	68002
2967	99274	67967
2968	99307	67932
2969	99337	67897
2970	99370	67863
2971	99401	67828
2972	99438	67797
2973	99471	67763
2974	99505	67730
2975	99535	67695
2976	99570	67662
2977	99600	67626
2978	99635	67594
2979	99667	67559
2980	99706	67529
2981	99740	67497
2982	99773	67463
2983	99810	67432
2984	99841	67396
2985	99875	67364
2986	99903	67326
2987	99935	67292
2988	99969	67259
2989	100005	67227
2990	100041	67196
2991	100071	67160
2992	100106	67128
2993	100138	67093
2994	100167	67056
2995	100199	67022
2996	100232	66989
2997	100268	66957
2998	100305	66926
2999	100338	66892
3000	100375	66861
3001	100409	66828
3002	100441	66793
3003	100476	66761
3004	100506	66725
3005	100537	66690
3006	100570	66656
3007	100603	66623
3008	100636	66589
3009	100670	66556
3010	100708	66525
3011	100745	66494
3012	100781	66462
3013	100815	66429
3014	100848	66395
3015	100877	66359
3016	100911	66326
3017	100944	66293
3018	100973	66256
3019	101006	66222
3020	101038	66188
3021	101078	66159
3022	101116	66128
3023	101147	66093
3024	101180	66059
3025	101206	66021
3026	101242	65990
3027	101271	65953
3028	101302	65918
3029	101337	65886
3030	101374	65855
3031	101407	65821
3032	101442	65788
3033	101475	65755
3034	101511	65723
3035	101544	65689
3036	101581	65658
3037	101614	65624
3038	101647	65590
3039	101678	65555
3040	101711	65521
3041	101744	65488
3042	101779	65455
3043	101824	65430
3044	101857	65396
3045	101891	65363
3046	101926	65330
3047	101958	65296
3048	101984	65257
3049	102020	65225
3050	102053	65192
3051	102078	65153
3052	102111	65120
3053	102145	65086
3054	102179	65053
3055	102215	65021
3056	102245	64986
3057	102273	64949
3058	102310	64917
3059	102342	64883
3060	102370	64846
3061	102401	64811
3062	102433	64777
3063	102468	64744
3064	102502	64711
3065	102536	64679
3066	102565	64642
3067	102595	64606
3068	102632	64576
3069	102658	64537
3070	102690	64503
3071	102720	64467
3072	102750	64432
3073	102782	64397
3074	102812	64362
3075	102848	64330
3076	102882	64297
3077	102915	64263
3078	102950	64231
3079	102983	64197
3080	103014	64162
3081	103048	64129
3082	103077	64093
3083	103113	64061
3084	103145	64027
3085	103179	63993
3086	103212	63960
3087	103250	63929
3088	103286	63897
3089	103320	63864
3090	103357	63833
3091	103394	63802
3092	103427	63768
3093	103461	63735
3094	103495	63702
3095	103526	63667
3096	103561	63635
3097	103592	63599
3098	103625	63566
3099	103663	63535
3100	103693	63499
3101	103724	63464
3102	103759	63432
3103	103793	63399
3104	103825	63365
3105	103859	63332
3106	103895	63300
3107	103926	63265
3108	103961	63233
3109	103994	63199
3110	104025	63164
3111	104061	63132
3112	104096	63099
3113	104130	63066
3114	104164	63033
3115	104200	63002
3116	104237	62970
3117	104274	62939
3118	104306	62904
3119	104339	62871
3120	104369	62835
3121	104403	62802
3122	104435	62768
3123	104472	62736
3124	104504	62702
3125	104538	62669
3126	104573	62637
3127	104610	62605
3128	104643	62572
3129	104677	62539
3130	104712	62506
3131	104746	62473
3132	104780	62440
3133	104815	62407
3134	104852	62376
3135	104881	62340
3136	104908	62302
3137	104938	62267
3138	104971	62234
3139	105007	62202
3140	105039	62167
3141	105073	62134
3142	105104	62099
3143	105141	62068
3144	105176	62035
3145	105204	61999
3146	105239	61966
3147	105273	61933
3148	105310	61901
3149	105344	61869
3150	105379	61836
3151	105414	61803
3152	105445	61768
3153	105487	61740
3154	105519	61706
3155	105551	61671
3156	105585	61638
3157	105615	61603
3158	105649	61570
3159	105681	61536
3160	105710	61500
3161	105747	61468
3162	105782	61436
3163	105818	61404
3164	105849	61369
3165	105879	61333
3166	105911	61299
3167	105947	61267
3168	105986	61237
3169	106020	61204
3170	106045	61165
3171	106082	61134
3172	106113	61099
3173	106151	61069
3174	106185	61035
3175	106216	61001
3176	106248	60966
3177	106282	60933
3178	106313	60898
3179	106348	60865
3180	106382	60833
3181	106414	60798
3182	106450	60766
3183	106494	60739
3184	106535	60710
3185	106573	60679
3186	106614	60650
3187	106652	60619
3188	106688	60587
3189	106721	60553
3190	106759	60522
3191	106798	60492
3192	106835	60460
3193	106876	60431
3194	106916	60401
3195	106955	60371
3196	106990	60338
3197	107031	60309
3198	107062	60274
3199	107101	60244
3200	107148	60218
3201	107184	60186
3202	107219	60154
3203	107256	60122
3204	107286	60087
3205	107318	60052
3206	107352	60019
3207	107388	59987
3208	107421	59953
3209	107454	59919
3210	107483	59884
3211	107517	59851
3212	107547	59815
3213	107582	59782
3214	107617	59750
3215	107653	59718
3216	107690	59686
3217	107725	59654
3218	107754	59617
3219	107788	59585
3220	107822	59551
3221	107858	59519
3222	107890	59485
3223	107926	59453
3224	107961	59420
3225	107991	59385
3226	108024	59351
3227	108056	59317
3228	108093	59285
3229	108126	59252
3230	108162	59219
3231	108197	59187
3232	108230	59153
3233	108258	59117
3234	108289	59082
3235	108321	59047
3236	108355	59014
3237	108391	58982
3238	108422	58948
3239	108458	58915
3240	108490	58881
3241	108521	58846
3242	108551	58811
3243	108587	58779
3244	108624	58747
3245	108657	58713
3246	108694	58682
3247	108726	58647
3248	108760	58615
3249	108792	58580
3250	108829	58548
3251	108861	58514
3252	108894	58481
3253	108925	58445
3254	108960	58413
3255	108990	58378
3256	109018	58341
3257	109054	58309
3258	109092	58278
3259	109119	58241
3260	109154	58209
3261	109188	58175
3262	109221	58142
3263	109258	58110
3264	109293	58077
3265	109330	58046
3266	109367	58014
3267	109399	57980
3268	109425	57943
3269	109457	57908
3270	109491	57875
3271	109528	57843
3272	109558	57808
3273	109593	57775
3274	109631	57744
3275	109665	57711
3276	109699	57678
3277	109729	57642
3278	109763	57609
3279	109802	57579
3280	109836	57545
3281	109866	57510
3282	109904	57479
3283	109936	57445
3284	109972	57413
3285	110005	57379
3286	110036	57344
3287	110071	57312
3288	110106	57279
3289	110138	57245
3290	110167	57209
3291	110198	57174
3292	110234	57142
3293	110266	57108
3294	110301	57075
3295	110332	57040
3296	110366	57007
3297	110405	56977
3298	110437	56942
3299	110474	56911
3300	110504	56875
3301	110534	56840
3302	110567	56806
3303	110600	56773
3304	110630	56737
3305	110661	56703
3306	110697	56671
3307	110731	56637
3308	110766	56604
3309	110797	56570
3310	110833	56537
3311	110865	56503
3312	110894	56468
3313	110926	56433
3314	110960	56400
3315	110997	56369
3316	111029	56334
3317	111067	56303
3318	111100	56269
3319	111140	56239
3320	111170	56204
3321	111192	56165
3322	111226	56132
3323	111256	56096
3324	111291	56064
3325	111326	56031
3326	111359	55997
3327	111391	55963
3328	111426	55931
3329	111466	55900
3330	111496	55865
3331	111527	55830
3332	111561	55797
3333	111591	55762
3334	111627	55730
3335	111659	55696
3336	111688	55660
3337	111720	55625
3338	111751	55591
3339	111787	55558
3340	111824	55527
3341	111859	55494
3342	111893	55461
3343	111925	55427
3344	111962	55395
3345	111999	55363
3346	112032	55330
3347	112068	55297
3348	112103	55265
3349	112133	55229
3350	112165	55195
3351	112200	55162
3352	112232	55128
3353	112263	55094
3354	112292	55058
3355	112332	55028
3356	112378	55000
3357	112406	54964
3358	112439	54930
3359	112467	54895
3360	112499	54860
3361	112533	54827
3362	112599	54809
3363	112673	54795
3364	112705	54761
3365	112741	54729
3366	112776	54696
3367	112813	54665
3368	112849	54632
3369	112887	54601
3370	112921	54568
3371	112956	54535
3372	112986	54500
3373	113020	54466
3374	113054	54433
3375	113091	54401
3376	113127	54369
3377	113164	54337
3378	113209	54309
3379	113240	54274
3380	113268	54238
3381	113300	54204
3382	113334	54171
3383	113362	54135
3384	113398	54103
3385	113436	54071
3386	113468	54037
3387	113502	54004
3388	113536	53971
3389	113571	53938
3390	113605	53905
3391	113633	53868
3392	113663	53833
3393	113698	53800
3394	113732	53767
3395	113767	53734
3396	113802	53701
3397	113835	53668
3398	113870	53635
3399	113906	53603
3400	113940	53569
3401	113973	53536
3402	114008	53503
3403	114044	53471
3404	114079	53438
3405	114114	53405
3406	114143	53369
3407	114171	53333
3408	114200	53297
3409	114240	53267
3410	114270	53232
3411	114303	53198
3412	114337	53165
3413	114364	53129
3414	114400	53096
3415	114431	53061
3416	114462	53027
3417	114494	52992
3418	114522	52957
3419	114555	52923
3420	114587	52889
3421	114620	52855
3422	114648	52819
3423	114681	52785
3424	114713	52751
3425	114748	52718
3426	114782	52685
3427	114817	52652
3428	114846	52616
3429	114881	52584
3430	114912	52549
3431	114945	52515
3432	114977	52481
3433	115013	52449
3434	115051	52418
3435	115082	52383
3436	115116	52350
3437	115148	52315
3438	115180	52281
3439	115212	52247
3440	115243	52213
3441	115281	52181
3442	115314	52147
3443	115346	52113
3444	115383	52081
3445	115420	52049
3446	115454	52016
3447	115488	51983
3448	115522	51950
3449	115560	51918
3450	115594	51885
3451	115628	51851
3452	115661	51818
3453	115693	51783
3454	115727	51750
3455	115758	51716
3456	115796	51684
3457	115828	51650
3458	115860	51616
3459	115894	51583
3460	115924	51547
3461	115956	51514
3462	115987	51479
3463	116021	51446
3464	116065	51417
3465	116097	51382
3466	116132	51350
3467	116168	51317
3468	116203	51284
3469	116271	51266
3470	116306	51234
3471	116336	51198
3472	116369	51165
3473	116406	51133
3474	116433	51096
3475	116470	51064
3476	116499	51029
3477	116537	50997
3478	116574	50965
3479	116618	50936
3480	116656	50905
3481	116694	50873
3482	116738	50844
3483	116779	50814
3484	116813	50781
3485	116848	50748
3486	116887	50717
3487	116921	50683
3488	116959	50652
3489	116997	50620
3490	117032	50587
3491	117067	50554
3492	117104	50522
3493	117141	50490
3494	117172	50456
3495	117209	50424
3496	117246	50392
3497	117280	50358
3498	117315	50326
3499	117343	50290
3500	117376	50256
3501	117411	50223
3502	117450	50192
3503	117484	50158
3504	117519	50126
3505	117554	50093
3506	117585	50058
3507	117619	50025
3508	117654	49992
3509	117681	49956
3510	117715	49922
3511	117750	49889
3512	117784	49856
3513	117815	49821
3514	117851	49789
3515	117883	49755
3516	117928	49726
3517	117965	49694
3518	117998	49660
3519	118031	49627
3520	118064	49593
3521	118100	49560
3522	118133	49526
3523	118164	49492
3524	118197	49458
3525	118230	49424
3526	118263	49391
3527	118302	49359
3528	118328	49323
3529	118362	49289
3530	118396	49256
3531	118427	49221
3532	118462	49188
3533	118496	49155
3534	118531	49122
3535	118567	49090
3536	118604	49057
3537	118639	49025
3538	118670	48990
3539	118699	48955
3540	118729	48920
3541	118764	48887
3542	118803	48856
3543	118839	48823
3544	118874	48790
3545	118912	48758
3546	118947	48726
3547	118978	48691
3548	119012	48657
3549	119046	48624
3550	119079	48590
3551	119115	48558
3552	119146	48523
3553	119182	48491
3554	119212	48456
3555	119247	48423
3556	119276	48387
3557	119306	48353
3558	119341	48319
3559	119372	48285
3560	119407	48252
3561	119444	48220
3562	119477	48186
3563	119509	48152
3564	119542	48118
3565	119575	48084
3566	119614	48053
3567	119645	48019
3568	119680	47986
3569	119714	47952
3570	119743	47917
3571	119776	47883
3572	119811	47850
3573	119848	47818
3574	119885	47786
3575	119912	47750
3576	119942	47715
3577	119979	47683
3578	120012	47649
3579	120046	47616
3580	120077	47581
3581	120112	47548
3582	120149	47516
3583	120184	47483
3584	120216	47449
3585	120252	47416
3586	120287	47383
3587	120317	47349
3588	120349	47314
3589	120385	47282
3590	120417	47248
3591	120442	47211
3592	120474	47177
3593	120501	47140
3594	120527	47104
3595	120561	47071
3596	120592	47036
3597	120627	47003
3598	120656	46968
3599	120693	46936
3600	120721	46900
3601	120756	46867
3602	120790	46834
3603	120829	46803
3604	120862	46769
3605	120892	46734
3606	120925	46700
3607	120960	46667
3608	120991	46633
3609	121017	46596
3610	121055	46564
3611	121091	46532
3612	121128	46500
3613	121162	46467
3614	121193	46432
3615	121221	46396
3616	121259	46364
3617	121291	46330
3618	121325	46297
3619	121362	46265
3620	121391	46230
3621	121421	46195
3622	121456	46162
3623	121488	46128
3624	121521	46094
3625	121552	46059
3626	121585	46026
3627	121619	45992
3628	121654	45959
3629	121688	45926
3630	121718	45891
3631	121749	45857
3632	121782	45823
3633	121818	45791
3634	121854	45758
3635	121889	45725
3636	121922	45691
3637	121949	45655
3638	121985	45623
3639	122016	45588
3640	122053	45556
3641	122085	45522
3642	122119	45488
3643	122151	45454
3644	122186	45421
3645	122220	45388
3646	122252	45354
3647	122288	45321
3648	122323	45288
3649	122358	45255
3650	122393	45222
3651	122426	45189
3652	122456	45154
3653	122492	45121
3654	122524	45087
3655	122561	45055
3656	122594	45021
3657	122631	44989
3658	122666	44956
3659	122700	44923
3660	122736	44890
3661	122769	44856
3662	122805	44824
3663	122838	44790
3664	122868	44755
3665	122897	44720
3666	122932	44687
3667	122970	44655
3668	123006	44622
3669	123042	44590
3670	123073	44556
3671	123109	44523
3672	123143	44489
3673	123176	44456
3674	123212	44423
3675	123239	44387
3676	123275	44355
3677	123312	44322
3678	123343	44288
3679	123377	44254
3680	123413	44222
3681	123444	44187
3682	123480	44155
3683	123513	44121
3684	123549	44088
3685	123582	44055
3686	123618	44022
3687	123649	43988
3688	123681	43954
3689	123715	43920
3690	123752	43888
3691	123789	43855
3692	123819	43821
3693	123854	43788
3694	123890	43755
3695	123924	43722
3696	123961	43689
3697	123994	43656
3698	124023	43621
3699	124060	43588
3700	124093	43555
3701	124126	43521
3702	124162	43488
3703	124195	43454
3704	124231	43422
3705	124263	43388
3706	124296	43354
3707	124330	43321
3708	124361	43286
3709	124396	43253
3710	124428	43219
3711	124465	43187
3712	124495	43152
3713	124525	43117
3714	124562	43085
3715	124601	43053
3716	124629	43018
3717	124663	42985
3718	124693	42950
3719	124727	42916
3720	124760	42883
3721	124794	42850
3722	124829	42817
3723	124863	42783
3724	124898	42750
3725	124929	42716
3726	124965	42683
3727	125001	42650
3728	125032	42616
3729	125067	42583
3730	125101	42550
3731	125137	42517
3732	125171	42483
3733	125206	42450
3734	125237	42416
3735	125268	42382
3736	125299	42347
3737	125333	42314
3738	125367	42280
3739	125395	42245
3740	125429	42212
3741	125459	42177
3742	125491	42143
3743	125527	42110
3744	125556	42075
3745	125589	42042
3746	125621	42007
3747	125652	41973
3748	125686	41940
3749	125718	41906
3750	125750	41872
3751	125786	41839
3752	125824	41807
3753	125861	41774
3754	125896	41742
3755	125926	41707
3756	125961	41674
3757	125995	41640
3758	126030	41607
3759	126066	41575
3760	126102	41542
3761	126138	41509
3762	126173	41476
3763	126207	41443
3764	126241	41409
3765	126276	41376
3766	126304	41341
3767	126339	41308
3768	126374	41275
3769	126408	41242
3770	126443	41209
3771	126476	41175
3772	126510	41141
3773	126544	41108
3774	126575	41074
3775	126613	41042
3776	126649	41009
3777	126684	40976
3778	126716	40942
3779	126747	40908
3780	126794	40878
3781	126832	40846
3782	126870	40814
3783	126905	40781
3784	126938	40747
3785	126972	40714
3786	127004	40680
3787	127044	40648
3788	127079	40615
3789	127110	40581
3790	127146	40548
3791	127178	40514
3792	127216	40482
3793	127257	40451
3794	127291	40418
3795	127329	40385
3796	127366	40353
3797	127400	40320
3798	127435	40286
3799	127468	40253
3800	127498	40218
3801	127534	40185
3802	127565	40151
3803	127595	40116
3804	127628	40083
3805	127662	40049
3806	127695	40016
3807	127730	39982
3808	127763	39949
3809	127792	39914
3810	127823	39879
3811	127859	39847
3812	127895	39814
3813	127926	39779
3814	127957	39745
3815	127990	39711
3816	128018	39676
3817	128052	39643
3818	128088	39610
3819	128119	39576
3820	128154	39543
3821	128189	39510
3822	128227	39477
3823	128259	39443
3824	128294	39410
3825	128328	39377
3826	128360	39343
3827	128392	39309
3828	128427	39276
3829	128460	39242
3830	128490	39207
3831	128525	39174
3832	128556	39140
3833	128592	39107
3834	128627	39074
3835	128662	39041
3836	128699	39009
3837	128733	38975
3838	128767	38942
3839	128795	38907
3840	128836	38875
3841	128871	38842
3842	128901	38807
3843	128936	38774
3844	128971	38741
3845	129007	38709
3846	129040	38675
3847	129074	38641
3848	129107	38608
3849	129143	38575
3850	129178	38542
3851	129209	38507
3852	129236	38472
3853	129268	38438
3854	129303	38405
3855	129337	38371
3856	129371	38338
3857	129404	38304
3858	129438	38271
3859	129472	38238
3860	129499	38202
3861	129532	38168
3862	129569	38136
3863	129603	38102
3864	129639	38070
3865	129669	38035
3866	129704	38002
3867	129736	37968
3868	129770	37935
3869	129802	37901
3870	129835	37867
3871	129865	37832
3872	129899	37799
3873	129927	37764
3874	129960	37730
3875	129996	37697
3876	130036	37665
3877	130070	37632
3878	130101	37598
3879	130129	37563
3880	130161	37529
3881	130194	37495
3882	130230	37462
3883	130263	37428
3884	130297	37395
3885	130332	37362
3886	130361	37327
3887	130395	37294
3888	130426	37259
3889	130459	37226
3890	130490	37191
3891	130523	37158
3892	130557	37124
3893	130591	37091
3894	130625	37058
3895	130659	37024
3896	130687	36989
3897	130719	36955
3898	130753	36922
3899	130786	36888
3900	130820	36855
3901	130855	36821
3902	130885	36787
3903	130922	36754
3904	130956	36721
3905	130995	36689
3906	131028	36655
3907	131064	36622
3908	131099	36589
3909	131135	36556
3910	131172	36524
3911	131202	36489
3912	131237	36456
3913	131272	36423
3914	131309	36391
3915	131344	36357
3916	131381	36325
3917	131415	36291
3918	131453	36259
3919	131486	36225
3920	131517	36191
3921	131556	36159
3922	131588	36125
3923	131620	36091
3924	131655	36058
3925	131686	36024
3926	131719	35990
3927	131755	35957
3928	131785	35923
3929	131814	35888
3930	131845	35854
3931	131879	35820
3932	131915	35787
3933	131945	35753
3934	131975	35718
3935	132010	35685
3936	132044	35652
3937	132075	35618
3938	132108	35584
3939	132139	35550
3940	132173	35516
3941	132206	35483
3942	132235	35448
3943	132272	35415
3944	132310	35383
3945	132344	35350
3946	132379	35316
3947	132417	35284
3948	132450	35250
3949	132490	35219
3950	132523	35185
3951	132563	35153
3952	132598	35120
3953	132638	35088
3954	132682	35057
3955	132719	35024
3956	132756	34992
3957	132791	34959
3958	132831	34927
3959	132869	34894
3960	132910	34863
3961	132949	34831
3962	132977	34796
3963	133013	34763
3964	133044	34729
3965	133080	34696
3966	133118	34663
3967	133154	34631
3968	133192	34598
3969	133225	34564
3970	133256	34530
3971	133289	34496
3972	133322	34463
3973	133364	34431
3974	133399	34398
3975	133435	34365
3976	133468	34331
3977	133503	34298
3978	133541	34266
3979	133571	34232
3980	133607	34198
3981	133643	34166
3982	133674	34131
3983	133707	34098
3984	133745	34065
3985	133778	34031
3986	133811	33998
3987	133845	33964
3988	133881	33931
3989	133913	33897
3990	133948	33864
3991	133980	33830
3992	134012	33796
3993	134041	33762
3994	134077	33729
3995	134110	33695
3996	134141	33661
3997	134175	33627
3998	134208	33594
3999	134243	33560
4000	134273	33526
4001	134302	33491
4002	134333	33457
4003	134368	33424
4004	134402	33390
4005	134430	33355
4006	134464	33322
4007	134493	33287
4008	134528	33254
4009	134555	33219
4010	134592	33186
4011	134629	33154
4012	134662	33120
4013	134696	33086
4014	134730	33053
4015	134762	33019
4016	134790	32984
4017	134826	32951
4018	134863	32918
4019	134897	32885
4020	134931	32852
4021	134965	32818
4022	134998	32784
4023	135029	32750
4024	135068	32718
4025	135112	32687
4026	135153	32655
4027	135231	32632
4028	135274	32601
4029	135315	32569
4030	135354	32537
4031	135388	32504
4032	135434	32473
4033	135475	32441
4034	135509	32407
4035	135544	32374
4036	135578	32341
4037	135616	32308
4038	135655	32276
4039	135689	32243
4040	135718	32208
4041	135752	32174
4042	135792	32142
4043	135829	32110
4044	135869	32077
4045	135907	32045
4046	135957	32015
4047	135997	31983
4048	136035	31951
4049	136081	31920
4050	136122	31888
4051	136156	31854
4052	136193	31822
4053	136229	31789
4054	136261	31755
4055	136299	31722
4056	136335	31689
4057	136371	31656
4058	136408	31623
4059	136442	31590
4060	136482	31557
4061	136518	31524
4062	136560	31493
4063	136595	31460
4064	136632	31427
4065	136668	31394
4066	136710	31362
4067	136746	31329
4068	136795	31299
4069	136833	31266
4070	136868	31233
4071	136903	31200
4072	136937	31166
4073	136970	31132
4074	137003	31099
4075	137045	31067
4076	137082	31034
4077	137122	31002
4078	137159	30969
4079	137201	30937
4080	137238	30904
4081	137277	30872
4082	137318	30840
4083	137356	30807
4084	137390	30774
4085	137431	30742
4086	137465	30708
4087	137509	30677
4088	137547	30644
4089	137586	30612
4090	137622	30578
4091	137658	30545
4092	137698	30513
4093	137739	30481
4094	137773	30448
4095	137804	30413
4096	137836	30379
4097	137871	30346
4098	137899	30311
4099	137933	30278
4100	137966	30244
4101	138012	30213
4102	138049	30180
4103	138089	30148
4104	138124	30114
4105	138153	30080
4106	138181	30045
4107	138223	30013
4108	138297	29988
4109	138332	29955
4110	138367	29921
4111	138402	29888
4112	138439	29855
4113	138476	29822
4114	138507	29788
4115	138537	29753
4116	138570	29720
4117	138607	29687
4118	138640	29653
4119	138667	29618
4120	138701	29584
4121	138733	29550
4122	138772	29518
4123	138811	29485
4124	138849	29453
4125	138884	29419
4126	138921	29386
4127	138957	29353
4128	138989	29319
4129	139025	29286
4130	139060	29252
4131	139089	29218
4132	139124	29184
4133	139156	29150
4134	139191	29117
4135	139222	29083
4136	139251	29048
4137	139287	29015
4138	139320	28981
4139	139354	28948
4140	139390	28914
4141	139422	28880
4142	139458	28847
4143	139486	28812
4144	139515	28778
4145	139550	28744
4146	139582	28710
4147	139618	28677
4148	139654	28644
4149	139691	28611
4150	139727	28578
4151	139762	28544
4152	139797	28511
4153	139829	28477
4154	139866	28444
4155	139904	28411
4156	139939	28378
4157	139973	28344
4158	140011	28311
4159	140047	28278
4160	140077	28244
4161	140111	28210
4162	140140	28176
4163	140178	28143
4164	140206	28108
4165	140235	28073
4166	140267	28040
4167	140298	28005
4168	140333	27972
4169	140368	27939
4170	140400	27905
4171	140444	27873
4172	140490	27842
4173	140533	27810
4174	140583	27779
4175	140647	27752
4176	140703	27723
4177	140762	27694
4178	140816	27664
4179	140869	27634
4180	140908	27602
4181	140953	27570
4182	140993	27538
4183	141039	27506
4184	141077	27473
4185	141112	27440
4186	141147	27406
4187	141182	27373
4188	141219	27340
4189	141258	27307
4190	141295	27274
4191	141330	27241
4192	141367	27208
4193	141394	27173
4194	141431	27139
4195	141467	27106
4196	141509	27074
4197	141545	27041
4198	141581	27008
4199	141617	26974
4200	141646	26940
4201	141675	26905
4202	141713	26872
4203	141750	26839
4204	141782	26805
4205	141819	26772
4206	141851	26738
4207	141879	26703
4208	141909	26669
4209	141936	26634
4210	141973	26601
4211	142001	26566
4212	142035	26532
4213	142068	26498
4214	142097	26464
4215	142131	26430
4216	142168	26397
4217	142208	26364
4218	142236	26330
4219	142268	26296
4220	142303	26262
4221	142343	26229
4222	142381	26197
4223	142419	26164
4224	142454	26130
4225	142489	26097
4226	142527	26064
4227	142564	26031
4228	142600	25997
4229	142637	25964
4230	142675	25931
4231	142714	25899
4232	142749	25865
4233	142779	25831
4234	142818	25798
4235	142852	25764
4236	142887	25731
4237	142918	25697
4238	142957	25664
4239	142991	25630
4240	143022	25596
4241	143061	25563
4242	143101	25530
4243	143141	25498
4244	143177	25464
4245	143211	25431
4246	143242	25397
4247	143277	25363
4248	143318	25331
4249	143356	25298
4250	143392	25264
4251	143427	25231
4252	143461	25197
4253	143495	25163
4254	143531	25130
4255	143565	25096
4256	143603	25063
4257	143641	25031
4258	143682	24998
4259	143718	24965
4260	143753	24931
4261	143791	24898
4262	143828	24865
4263	143861	24831
4264	143895	24797
4265	143927	24763
4266	143959	24729
4267	143998	24697
4268	144032	24663
4269	144060	24628
4270	144100	24595
4271	144134	24562
4272	144169	24528
4273	144203	24495
4274	144238	24461
4275	144279	24428
4276	144316	24395
4277	144352	24362
4278	144388	24329
4279	144425	24295
4280	144464	24262
4281	144498	24229
4282	144536	24196
4283	144567	24162
4284	144597	24127
4285	144633	24094
4286	144667	24060
4287	144707	24027
4288	144741	23994
4289	144781	23961
4290	144824	23929
4291	144860	23895
4292	144898	23862
4293	144938	23830
4294	144979	23797
4295	145014	23763
4296	145048	23730
4297	145076	23695
4298	145113	23662
4299	145159	23630
4300	145216	23600
4301	145261	23568
4302	145299	23535
4303	145337	23502
4304	145372	23468
4305	145404	23434
4306	145439	23401
4307	145478	23368
4308	145516	23335
4309	145563	23303
4310	145597	23269
4311	145633	23236
4312	145663	23202
4313	145697	23168
4314	145735	23135
4315	145769	23101
4316	145796	23066
4317	145832	23033
4318	145868	22999
4319	145899	22965
4320	145931	22931
4321	145965	22897
4322	146000	22864
4323	146037	22831
4324	146073	22797
4325	146106	22763
4326	146139	22729
4327	146172	22695
4328	146215	22663
4329	146254	22630
4330	146299	22598
4331	146337	22565
4332	146380	22533
4333	146416	22499
4334	146455	22466
4335	146504	22435
4336	146555	22404
4337	146596	22371
4338	146631	22337
4339	146670	22304
4340	146711	22271
4341	146743	22237
4342	146780	22204
4343	146816	22171
4344	146853	22137
4345	146885	22103
4346	146916	22069
4347	146949	22035
4348	146980	22001
4349	147019	21968
4350	147063	21936
4351	147105	21903
4352	147145	21870
4353	147183	21837
4354	147232	21805
4355	147278	21773
4356	147327	21742
4357	147365	21709
4358	147412	21677
4359	147458	21645
4360	147500	21612
4361	147540	21579
4362	147579	21546
4363	147615	21513
4364	147651	21479
4365	147686	21446
4366	147731	21413
4367	147771	21380
4368	147806	21347
4369	147846	21314
4370	147892	21282
4371	147940	21250
4372	148004	21220
4373	148072	21191
4374	148103	21157
4375	148137	21123
4376	148181	21091
4377	148221	21058
4378	148258	21024
4379	148299	20992
4380	148337	20958
4381	148370	20924
4382	148406	20891
4383	148444	20858
4384	148482	20824
4385	148519	20791
4386	148556	20757
4387	148590	20724
4388	148623	20690
4389	148660	20656
4390	148698	20623
4391	148733	20589
4392	148763	20555
4393	148793	20520
4394	148830	20487
4395	148864	20453
4396	148901	20420
4397	148935	20386
4398	148971	20352
4399	149010	20319
4400	149048	20286
4401	149085	20252
4402	149118	20218
4403	149152	20185
4404	149189	20151
4405	149226	20118
4406	149265	20084
4407	149318	20053
4408	149360	20020
4409	149414	19989
4410	149486	19960
4411	149540	19929
4412	149572	19895
4413	149609	19862
4414	149648	19828
4415	149684	19795
4416	149727	19762
4417	149766	19729
4418	149802	19695
4419	149845	19663
4420	149885	19629
4421	149925	19596
4422	149960	19563
4423	149995	19529
4424	150031	19495
4425	150064	19461
4426	150098	19427
4427	150129	19393
4428	150161	19359
4429	150196	19325
4430	150229	19291
4431	150272	19258
4432	150319	19226
4433	150359	19193
4434	150395	19159
4435	150434	19126
4436	150467	19092
4437	150504	19058
4438	150541	19025
4439	150578	18991
4440	150613	18958
4441	150648	18924
4442	150677	18889
4443	150710	18855
4444	150750	18822
4445	150783	18788
4446	150821	18755
4447	150863	18722
4448	150893	18687
4449	150926	18653
4450	150963	18620
4451	150995	18586
4452	151029	18552
4453	151065	18518
4454	151101	18484
4455	151131	18450
4456	151167	18416
4457	151202	18383
4458	151240	18349
4459	151272	18315
4460	151310	18282
4461	151339	18247
4462	151369	18213
4463	151406	18179
4464	151440	18145
4465	151473	18111
4466	151506	18077
4467	151542	18043
4468	151573	18009
4469	151606	17975
4470	151651	17943
4471	151686	17909
4472	151721	17875
4473	151757	17841
4474	151794	17808
4475	151828	17774
4476	151866	17740
4477	151903	17707
4478	151939	17673
4479	151975	17639
4480	152008	17606
4481	152046	17572
4482	152090	17539
4483	152136	17507
4484	152188	17475
4485	152233	17442
4486	152275	17409
4487	152317	17376
4488	152358	17343
4489	152388	17309
4490	152428	17275
4491	152462	17241
4492	152501	17208
4493	152542	17175
4494	152582	17142
4495	152614	17108
4496	152649	17074
4497	152681	17040
4498	152718	17006
4499	152761	16973
4500	152797	16939
4501	152838	16906
4502	152877	16873
4503	152915	16839
4504	152959	16806
4505	153006	16774
4506	153047	16741
4507	153086	16707
4508	153134	16675
4509	153173	16641
4510	153216	16608
4511	153256	16575
4512	153295	16542
4513	153344	16509
4514	153382	16476
4515	153423	16443
4516	153455	16408
4517	153494	16375
4518	153528	16341
4519	153579	16309
4520	153613	16275
4521	153652	16241
4522	153687	16207
4523	153725	16174
4524	153766	16141
4525	153816	16108
4526	153853	16075
4527	153897	16042
4528	153936	16008
4529	153970	15974
4530	153999	15940
4531	154033	15906
4532	154073	15873
4533	154113	15839
4534	154146	15805
4535	154183	15771
4536	154221	15738
4537	154258	15704
4538	154293	15670
4539	154333	15637
4540	154370	15603
4541	154405	15569
4542	154445	15536
4543	154479	15502
4544	154514	15468
4545	154553	15434
4546	154587	15400
4547	154624	15367
4548	154660	15333
4549	154698	15299
4550	154737	15266
4551	154774	15232
4552	154812	15199
4553	154846	15165
4554	154882	15131
4555	154911	15096
4556	154947	15062
4557	154984	15029
4558	155013	14994
4559	155047	14960
4560	155082	14926
4561	155119	14893
4562	155151	14858
4563	155188	14825
4564	155221	14791
4565	155255	14757
4566	155290	14723
4567	155318	14688
4568	155352	14654
4569	155384	14620
4570	155421	14586
4571	155448	14552
4572	155482	14518
4573	155521	14484
4574	155563	14451
4575	155596	14417
4576	155626	14382
4577	155654	14348
4578	155687	14314
4579	155717	14279
4580	155758	14246
4581	155797	14212
4582	155835	14179
4583	155872	14145
4584	155908	14111
4585	155945	14077
4586	155984	14044
4587	156021	14010
4588	156053	13976
4589	156087	13942
4590	156117	13908
4591	156152	13874
4592	156180	13839
4593	156216	13805
4594	156247	13771
4595	156286	13737
4596	156329	13704
4597	156365	13670
4598	156405	13637
4599	156450	13604
4600	156488	13570
4601	156527	13537
4602	156561	13503
4603	156596	13469
4604	156632	13435
4605	156669	13401
4606	156709	13368
4607	156745	13334
4608	156784	13300
4609	156820	13266
4610	156854	13232
4611	156890	13198
4612	156929	13165
4613	156969	13131
4614	157007	13098
4615	157046	13064
4616	157089	13031
4617	157129	12997
4618	157167	12964
4619	157207	12930
4620	157245	12896
4621	157283	12863
4622	157323	12829
4623	157363	12796
4624	157400	12762
4625	157435	12728
4626	157473	12694
4627	157512	12660
4628	157550	12627
4629	157582	12592
4630	157623	12559
4631	157661	12525
4632	157685	12490
4633	157722	12457
4634	157756	12423
4635	157796	12389
4636	157834	12355
4637	157870	12321
4638	157905	12287
4639	157937	12253
4640	157974	12219
4641	158026	12187
4642	158061	12153
4643	158098	12119
4644	158136	12085
4645	158171	12051
4646	158205	12017
4647	158241	11983
4648	158280	11950
4649	158320	11916
4650	158360	11882
4651	158399	11849
4652	158432	11815
4653	158462	11780
4654	158500	11747
4655	158540	11713
4656	158574	11679
4657	158614	11645
4658	158656	11612
4659	158690	11578
4660	158723	11544
4661	158762	11510
4662	158792	11476
4663	158831	11442
4664	158867	11408
4665	158900	11374
4666	158938	11340
4667	158969	11306
4668	159001	11272
4669	159031	11237
4670	159064	11203
4671	159096	11169
4672	159134	11135
4673	159168	11101
4674	159202	11067
4675	159230	11033
4676	159264	10998
4677	159297	10964
4678	159329	10930
4679	159359	10896
4680	159389	10862
4681	159428	10828
4682	159461	10794
4683	159500	10760
4684	159540	10726
4685	159572	10692
4686	159607	10658
4687	159641	10624
4688	159674	10590
4689	159718	10557
4690	159757	10523
4691	159792	10489
4692	159831	10455
4693	159876	10422
4694	159908	10388
4695	159941	10353
4696	159974	10319
4697	160009	10285
4698	160044	10251
4699	160081	10217
4700	160116	10183
4701	160151	10149
4702	160187	10116
4703	160224	10082
4704	160261	10048
4705	160305	10014
4706	160339	9980
4707	160376	9946
4708	160406	9912
4709	160440	9878
4710	160474	9844
4711	160504	9810
4712	160534	9775
4713	160567	9741
4714	160608	9708
4715	160652	9674
4716	160686	9640
4717	160727	9606
4718	160766	9573
4719	160814	9539
4720	160857	9506
4721	160893	9472
4722	160927	9438
4723	160964	9404
4724	160998	9370
4725	161032	9336
4726	161067	9302
4727	161105	9268
4728	161141	9234
4729	161189	9201
4730	161231	9167
4731	161263	9133
4732	161300	9099
4733	161338	9065
4734	161374	9031
4735	161411	8997
4736	161448	8963
4737	161485	8929
4738	161516	8895
4739	161546	8861
4740	161579	8827
4741	161617	8793
4742	161646	8758
4743	161680	8724
4744	161712	8690
4745	161744	8656
4746	161779	8622
4747	161816	8588
4748	161847	8554
4749	161879	8519
4750	161915	8486
4751	161947	8451
4752	161985	8417
4753	162020	8383
4754	162052	8349
4755	162083	8315
4756	162115	8281
4757	162144	8246
4758	162181	8212
4759	162213	8178
4760	162245	8144
4761	162277	8110
4762	162314	8076
4763	162349	8042
4764	162386	8008
4765	162423	7974
4766	162455	7940
4767	162491	7906
4768	162522	7872
4769	162553	7838
4770	162589	7804
4771	162619	7769
4772	162649	7735
4773	162678	7701
4774	162713	7667
4775	162746	7633
4776	162783	7599
4777	162819	7565
4778	162855	7531
4779	162890	7497
4780	162920	7462
4781	162952	7428
4782	162988	7394
4783	163023	7360
4784	163058	7326
4785	163095	7292
4786	163128	7258
4787	163164	7224
4788	163203	7190
4789	163239	7156
4790	163272	7122
4791	163297	7088
4792	163332	7053
4793	163367	7019
4794	163403	6985
4795	163439	6951
4796	163472	6917
4797	163505	6883
4798	163539	6849
4799	163575	6815
4800	163605	6781
4801	163644	6747
4802	163682	6713
4803	163718	6679
4804	163753	6645
4805	163785	6611
4806	163820	6577
4807	163856	6543
4808	163891	6509
4809	163925	6475
4810	163955	6440
4811	163989	6406
4812	164025	6372
4813	164063	6338
4814	164093	6304
4815	164126	6270
4816	164158	6236
4817	164189	6202
4818	164227	6168
4819	164276	6134
4820	164318	6101
4821	164361	6067
4822	164404	6033
4823	164462	6000
4824	164514	5966
4825	164565	5933
4826	164613	5899
4827	164662	5866
4828	164702	5832
4829	164752	5798
4830	164793	5764
4831	164823	5730
4832	164862	5696
4833	164905	5662
4834	164946	5628
4835	164994	5595
4836	165033	5561
4837	165076	5527
4838	165121	5493
4839	165158	5459
4840	165206	5426
4841	165248	5392
4842	165293	5358
4843	165330	5324
4844	165369	5290
4845	165404	5256
4846	165445	5222
4847	165483	5188
4848	165524	5154
4849	165559	5120
4850	165594	5086
4851	165621	5051
4852	165654	5017
4853	165693	4983
4854	165735	4949
4855	165774	4915
4856	165808	4881
4857	165841	4847
4858	165882	4813
4859	165914	4779
4860	165947	4745
4861	165979	4711
4862	166013	4676
4863	166041	4642
4864	166079	4608
4865	166116	4574
4866	166155	4540
4867	166190	4506
4868	166218	4472
4869	166252	4437
4870	166288	4403
4871	166320	4369
4872	166348	4335
4873	166382	4301
4874	166414	4267
4875	166451	4232
4876	166487	4198
4877	166523	4164
4878	166564	4130
4879	166605	4096
4880	166646	4062
4881	166682	4028
4882	166716	3994
4883	166752	3960
4884	166801	3926
4885	166851	3892
4886	166896	3859
4887	166939	3825
4888	166979	3791
4889	167016	3757
4890	167062	3723
4891	167100	3689
4892	167139	3655
4893	167184	3621
4894	167220	3586
4895	167255	3552
4896	167293	3518
4897	167336	3484
4898	167372	3450
4899	167410	3416
4900	167447	3382
4901	167491	3348
4902	167529	3314
4903	167564	3280
4904	167599	3246
4905	167633	3211
4906	167662	3177
4907	167698	3143
4908	167733	3109
4909	167771	3075
4910	167808	3041
4911	167848	3007
4912	167889	2973
4913	167921	2938
4914	167954	2904
4915	167983	2870
4916	168019	2836
4917	168057	2802
4918	168090	2767
4919	168123	2733
4920	168162	2699
4921	168195	2665
4922	168234	2631
4923	168266	2597
4924	168300	2562
4925	168335	2528
4926	168371	2494
4927	168402	2460
4928	168438	2426
4929	168475	2392
4930	168507	2357
4931	168581	2324
4932	168616	2290
4933	168649	2255
4934	168686	2221
4935	168720	2187
4936	168752	2153
4937	168784	2119
4938	168820	2085
4939	168857	2050
4940	168886	2016
4941	168920	1982
4942	168951	1948
4943	168983	1914
4944	169018	1879
4945	169051	1845
4946	169085	1811
4947	169114	1777
4948	169149	1743
4949	169189	1708
4950	169222	1674
4951	169255	1640
4952	169287	1606
4953	169319	1572
4954	169349	1537
4955	169382	1503
4956	169419	1469
4957	169453	1435
4958	169483	1401
4959	169516	1367
4960	169554	1332
4961	169586	1298
4962	169621	1264
4963	169656	1230
4964	169685	1196
4965	169712	1161
4966	169747	1127
4967	169786	1093
4968	169820	1059
4969	169854	1025
4970	169881	991
4971	169917	956
4972	169948	922
4973	169996	888
4974	170038	854
4975	170073	820
4976	170109	786
4977	170144	751
4978	170180	717
4979	170213	683
4980	170249	649
4981	170283	615
4982	170321	581
4983	170347	546
4984	170372	512
4985	170408	478
4986	170445	444
4987	170481	410
4988	170517	375
4989	170547	341
4990	170579	307
4991	170612	273
4992	170647	239
4993	170688	205
4994	170721	170
4995	170758	136
4996	170795	102
4997	170828	68
4998	170860	34
4999	170896	0
